term,phrase,tag1,tag2,meaninglanguage1,meaning1,meaninglanguage2,meaning2,meaninglanguage3,meaning3,meaninglanguage4,meaning4
こちら,今回 の キーセンテンス は こちら です。,指示詞,,en,"(Alt=こっち, Kanji=此方)this person;",,,,,,
キーセンテンス,今回 の キーセンテンス は こちら です。,名詞,,en,Key sentence,,,,,,
りゅう,りゅう めい です。,名詞,,en,Dragon,,,,,,
氷,まっしろな 氷 の 下 に も…,名詞,,en,"n.  (Hira=こおり) ice,",,,,,,
まっしろな,まっしろな 氷 の 下 に…,形容詞,まっしろだ,en,Pure white,,,,,,
すっぱい,少し あまくて すっぱい です。,形容詞,,en,"adj.  (Kanji=酸っぱい) sour, acid, acidulous, having a sour taste",,,,,,
あまくて,少し あまくて すっぱい です。,あまい,形容詞,en,1. sweet-tasting; sweet; sugary; sugared​,,,,,,
オレンジいろ,あんず は きれいな オレンジいろ です。,名詞,,en,"n.  (Kanji=オレンジ色) orange,",,,,,,
あんず,あんず は きれいな オレンジいろ です。,名詞,,en,apricot,,,,,,
おしえて,てんいん さん が おしえて くれた かき氷 は「 あんず…,動詞,おしえる,en,"teach, inform, instruct, educate",,,,,,
あまく,…は、 てんいん に「 あまり あまく ない お すすめ の…,あまい,形容詞,en,甘い - sweet; delicious; fragrant (smelling); sweet (music); lightly salted; naive; overly optimistic; soft on; generous; indulgent; easy-going; half-hearted; not finished properly,,,,,,
みせ,…かきごおり」 の お みせ に 入ります。,動詞,みせる,en,"n.  (Kanji=店) shop, store; establishment; number of stores identifier",,,,,,
いそがしい,仕事 が いそがしい です。,形容詞,,en,"busy, occupied",,,,,,
考えなければなりません,将来 に ついて もっと 考えなければなりません。,,,en,have to think,,,,,,
なりたい,…卒業 したら、 何 に なりたい です か」 と 質問…,,,en,want to become,,,,,,
選ばなければなりません,…とき、 まず 学部 を 選ばなければなりません。,,,en,must choose,,,,,,
学部,…を 選ぶ とき、 まず 学部 を 選ばなければなりません。,名詞,,en,"【がくぶ】 (n,adj-no) (1) department of a university;",,,,,,
まず,大学 を 選ぶ とき、 まず 学部 を 選ばなければなりません。,副詞,,en,first of all,,,,,,
選ぶ,大学 を 選ぶ とき、 まず 学部 を…,動詞,,en,"(Alt=択ぶ, Hira=えらぶ) pick, choose, select",,,,,,
成績,…は いくら がんばって も、 成績 が よく なりません。,名詞,,en,"(Hira=せいせき) result, record, grade, number or letter indicating the quality of work done (pertaining to schoolwork), mark",,,,,,
がんばって,でも、 数学 は いくら がんばって も、 成績 が よく…,動詞,がんばる,en,"(Kanji=頑張る) persist, hold out, insist on, stand firm",,,,,,
いくら,でも、 数学 は いくら がんばって も、 成績 が…,副詞,,en,adv. how much? how many?,,,,,,
おもしろく,…英語 の 勉強 が おもしろく なりました。,形容詞,おもしろい,en,面白い おもしろい	interesting; amusing,,,,,,
したら,…もう 一 度 勉強 したら、 英語 の 勉強 が…,動詞,する,en,if/after verb form,,,,,,
大変でした,毎週 テスト が あって、 大変でした。,形容詞,大変だ,en,"adj.  (Hira=たいへんな) awful, terrible, dreadful, horrible; hard, difficult",,,,,,
毎週,毎週 テスト が あって、 大変でした。,名詞,,en,(Hira=まいしゅう) every week,,,,,,
テスト,毎週 テスト が あって、 大変でした。,名詞,,en,n.  test,,,,,,
や,…は 何も 言わないで お茶 や ケーキ を 出す こと…,助詞,,en,and such things,en,such things as (non-exhaustive list related to a specific time and place); and ... and​,,,,
基本,英語 や 数学 の 基本 の 勉強 を しました。,名詞,,en,"n.  (Hira=きほん) foundation, base, basis; standard",,,,,,
数学,英語 や 数学 の 基本 の 勉強…,名詞,,en,mathematics,,,,,,
英語,英語 や 数学 の 基本…,名詞,,en,English,en,えいご English (language),,,,
始まりました,…は「 復習 コース」 から 始まりました。,,,en,started,,,,,,
コース,…から、 はじめ は「 復習 コース」 から 始まりました。,名詞,,en,course,,,,,,
復習,…でした から、 はじめ は「 復習 コース」 から 始まりました。,名詞,,en,review,,,,,,
夏,…です から、２ 年生 の 夏 に 塾 に 入りました。,名詞,,en,(Hira=なつ) summer,,,,,,
難しい,…受験 の 勉強 は 難しい です から、２ 年生 の…,形容詞,,en,"(Hira=むずかしい,むつかしい) difficult, hard, troublesome, causing difficulty",,,,,,
受験,でも、 大学 受験 の 勉強 は 難しい…,名詞,,en,じゅけん - taking an exam,,,,,,
大学,でも、 大学 受験 の 勉強 は…,名詞,,en,(Hira=だいがく) university,,,,,,
塾,…勉強 が きらいでした から、 塾 に 行きません でした。,名詞,,en,"n. (Hira=じゅく) coaching school, lessons, private lesson, lesson given by a tutor",,,,,,
きらいでした,ずっと 勉強 が きらいでした から、 塾 に 行きません…,形容詞,きらいだ,en,hated (formal),en,hated (formal)「嫌いでした」,,,,
ずっと,ずっと 勉強 が きらいでした から、…,副詞,,en,throughout; by far,,,,,,
しません,…ぼく は 全然 心配 しません でした。,,,en,Does not,,,,,,
全然,…に 行く 友達 が 全然 いません から、 妹 は…,副詞,,en,"ぜんぜん - absolutely, utterly, totally",,,,,,
妹,２ 才 下 の 妹 は 勉強 が 好きです。,名詞,,en,"n.  (Hira=いもうと) younger sister, sister, female sibling",,,,,,
下,２ 才 下 の 妹 は 勉強…,名詞,,en,した	1: below; down; under; younger (e.g. daughter); 2: bottom; 3: beneath; underneath; 4: just after; right after; ()  5: inferiority; one's inferior (i.e. one's junior); 6: (Noun) trade-in; (Noun prefix)  7: preliminary; preparatory,,,,,,
才,２ 才 下 の 妹 は…,接尾辞,,en,"(さい) ability, years old",,,,,,
公立,…家 の 近く の 公立 高校 に 入りました。,名詞,,en,こうりつ　public (institution),,,,,,
嫌いでした,…の とき、 勉強 が 嫌いでした から、 塾 に 行きません…,形容詞,嫌いだ,en,hated,,,,,,
4 月,4 月 から 3 年生 に…,,,en,"つき moon, month",,,,,,
近く,…高校 は うち の 近く に あります から、 同じ…,形容詞,近い,en,"adj. (Hira=ちかい) near, close; short",,,,,,
高校,ぼく は 今 高校 2 年生 です。,名詞,,en,"n.  (Hira=こうこう) senior high school,",,,,,,
年生,…は 今 高校 2 年生 です。,接尾辞,,en,"ねんせい  grade, class (in a school)",,,,,,
いけない,…を 食べ なくて は いけない。,形容詞,,en,should not,,,,,,
いけ,…を 食べ なくて は いけ ませ ん。,いく,動詞,en,Go,,,,,,
アシェラッド,アシェラッド） 耳 も 遠い の…,名詞,,en,Askeladd,,,,,,
いななき,…馬 の いななき）,動詞,いななく,en,いななき	neigh of a horse,,,,,,
ジジイ,…遠い の か この ジジイ は,名詞,,en,Old man,,,,,,
ども,…アシェラッド） 動く な 衛兵 ども！,名詞,,en,共 ども	1: (Humble (kenjougo) language) first-person plural (or singular); 2: second or third person plural (implies speaker is of higher status than those referred to),,,,,,
衛兵,…アシェラッド） 動く な 衛兵 ども！,名詞,,en,（えいへい） palace guard; sentinel; garrison,,,,,,
動く,…アシェラッド） 動く な 衛兵 ども！,動詞,,en,うごく= 1: to move; to stir; to shift; to shake; to swing; 2: to operate; to run; to go; to work; 3: to be touched; to be influenced; 4: to change; to vary; to fluctuate; to waver; 5: certain; factual; 6: to be transferred,,,,,,
馬,馬 の いななき）,名詞,,en,"n.  (Hira=うま, Kata=ウマ) horse, large four-legged mammal commonly used for transportation",,,,,,
へえ,へえ、 おいしそう だ ね。,感動詞,,en,Really?,,,,,,
き,…の 未来 を 拓 き 加速 を 続ける その…,名詞,,en,to come,,,,,,
お,…語 を 勉強 し、 お 金 を 貯 め、…,接頭辞,,,,,,,,,
おかげ,おかげ 様 で 本日、2022 年…,名詞,,en,"n.  (Kanji=御蔭) thanks, gratitude",,,,,,
ライダーウィザード,祝！ 仮面 ライダーウィザード 放送 10 周年！ 記念…,名詞,,en,rider wizard,,,,,,
祝,祝！ 仮面 ライダーウィザード 放送 10…,名詞,,en,"n. (Alt=祝い, Hira=いわい) celebration, congratulation, festival, act of congratulating",,,,,,
出身,私 は「 カナダ」 出身 です。,名詞,,en,n.  origin; hometown,,,,,,
あだ名,あだ名 は あり ませ ん。,名詞,,en,"渾名 n. (Hira=あだな) nickname,",,,,,,
お呼び,なんと お呼び すれば よろしい です か？,名詞,,en,呼び 【よび】 call; invitation,,,,,,
すれば,なんと お呼び すれば よろしい です か？,動詞,する,en,sureba = v.  (Kanji=為る) do; try; play; practice; cost; elapse; reach to,,,,,,
よろしい,なんと お呼び すれば よろしい です か？,形容詞,,en,(adj-i) (hon) good; OK; all right; fine; very well; will do; may; can; KD,,,,,,
引っぱり,…重 そうな 荷物 を 引っぱり ながら 歩いて きます。,動詞,引っぱる,en,ひっぱる	1: to pull; to draw; to pull tight; 2: to string (lines); to run (cable); to stretch; 3: to pull towards oneself (e.g. someone's sleeve); 4: to drag; to haul; to tow; 5: to lead (e.g. one's followers); 6: to take someone somewhere (e.g. a suspec,,,,,,
国,お客様 は いろいろ な 国 から 来ます。,名詞,,en,n.  (Hira=くに) country; nation,en,n.  (Hira=くに) country; nation; one's homeland,,,,
肥後,江戸 時代 後期、 肥後 の 国（ 今 の…,名詞,,en,ひご  Higo (former province located in present-day Kumamoto Prefecture),,,,,,
後期,江戸 時代 後期、 肥後 の 国（ 今…,名詞,,en,こうき= latter period; final,,,,,,
時代,江戸 時代 後期、 肥後 の 国（…,名詞,,en,"じだい - era, period",,,,,,
江戸,江戸 時代 後期、 肥後 の…,名詞,,en,"えど - Edo, former name of Tokyo",,,,,,
アマビエ,妖怪 アマビエ,名詞,,en,Amabier,,,,,,
妖怪,妖怪 アマビエ,名詞,,en,"ようかい　ghost, apparition, phantom, specter",,,,,,
荷物,…様 が 重 そうな 荷物 を 引っぱり ながら 歩いて…,名詞,,en,luggage　（にもつ),,,,,,
重,…お 地蔵 様 が 重 そうな 荷物 を 引っぱり…,形容詞,重い,en,おもさ weight,,,,,,
かぶった,…中 を、 笠 を かぶった お 地蔵 様 が…,動詞,かぶる,en,"被る - wear, put on; pour water",,,,,,
すると,すると、 雪 の 中 を、…,接続詞,,en,whereupon,,,,,,
みました,…そっと 外 を のぞいて みました。,,,en,Saw,,,,,,
のぞいて,…は そっと 外 を のぞいて みました。,動詞,のぞく,en,"v.  (Kanji=覘く,覗く) peep in, look in, peek in; stick out",,,,,,
そっと,…と おばあ さん は そっと 外 を のぞいて みました。,副詞,,en,"adv.  softly, lightly; secretly, stealthily",,,,,,
きました,…が 遠く から 聞こえて きました。,,,en,came,,,,,,
聞こえて,…音 が 遠く から 聞こえて きました。,動詞,聞こえる,en,"聞こえる v. (Hira=きこえる) be heard, be audible, hear, perceive by the ear, perceive by listening",,,,,,
遠く,…と いう 音 が 遠く から 聞こえて きました。,形容詞,遠い,en,"とおく - far away, at a distance",,,,,,
音,…ダイヤル 音）,名詞,,en,sound,en,"n.  (Hira=おん,おと) sound, noise; note; music",en,おと    1. sound; noise; report​  2. note​ (music),,
ズシン,その 晩 の こと、 ズシン、 ズシン と いう 音…,名詞,,en,ズシン 【ズシン】　thud,,,,,,
晩,その 晩 の こと、 ズシン、 ズシン…,名詞,,en,(Hira=ばん) evening,en,"n.  (Hira=ばん) evening, period of time between afternoon and night; night, period of time between sunset and sunrise",en,night,,
喜び,…おばあ さん は とても 喜び、,動詞,喜ぶ,en,"(Hira=よろこび) joy, delight, pleasure",,,,,,
あげました,…いた 手ぬぐい を かぶせて あげました。,,,en,past tense; 1. to give 2. to do for (the sake of someone else),,,,,,
かぶせて,…かぶって いた 手ぬぐい を かぶせて あげました。,動詞,かぶせる,en,"v. (Kanji=被せる) cover, encase; plate; pour a liquid, dash a liquid; charge, overspread",,,,,,
手ぬぐい,…自分 の かぶって いた 手ぬぐい を かぶせて あげました。,名詞,,en,"てぬぐい) hand towel, small towel for drying the hands",,,,,,
かぶって,…じいさん は 自分 の かぶって いた 手ぬぐい を かぶせて…,動詞,かぶる,en,"wear, put on; pour water, dash water; suffer",,,,,,
自分,レシピ は 自分 で 考えた の？,名詞,,en,(Hira=じぶん) myself,en,"pron.  (Hira=じぶん) myself, oneself, I; me; to me; by me, one's own person, one's own body",,,,
足りません,…分 が ひと つ 足りません でした。,,,en,Not enough,,,,,,
かけて あげました,…様 の 頭 に かけて あげました。,,,en,I gave it to you,,,,,,
かけて,…様 の 頭 に かけて あげました。,動詞,かける,en,"掛 hang, make call (phone);",,,,,,
頭,…見て も、3 つ も 頭 が ある「 ケルベロス の…,名詞,,en,head,en,【あたま(P); かしら(P)】 (n) (1) head; (2) hair (on one's head); (3) (あたま only) mind; brains; intellect; (4) leader; chief; boss; captain; (5) top; tip; (6) beginning; start; (7) (あたま only) head; person; (8) (かしら only) top structural component of a kanji; (P,,,,
はずだった,…お じいさん は、 売る はずだった 笠 を お 地蔵…,助動詞,はずだ,en,Was supposed,,,,,,
こんなに,こんなに 雪 を かぶって さぞ…,指示詞,,en,"adv.  so, in this way, to such an extent",,,,,,
寒,…ゆき を かぶって、 なんとも 寒 そうです。,形容詞,寒い,en,"(Hira=かん) cold, low temperature, chill, frigidity",,,,,,
なんとも,…真っ白に ゆき を かぶって、 なんとも 寒 そうです。,副詞,,en,"really, truly; very, extremely",,,,,,
真っ白に,お 地蔵 様 は 真っ白に ゆき を かぶって、 なんとも…,形容詞,真っ白だ,en,真っ白な adj. (Hira=まっしろな) pure white,,,,,,
さま,…体 の お 地蔵 さま を みつけました。,名詞,,en,[Sama] (Kanji=様) Miss; Mr.; Mrs.,,,,,,
体,…お じいさん は ６ 体 の お 地蔵 さま…,名詞,,en,からだ - health; body,,,,,,
帰り道,吹雪 の 中 の 帰り道、 お じいさん は ６…,名詞,,en,"n. (Hira=かえりみち) return trip, way back",,,,,,
気配,…吹雪 に なり そうな 気配 が した ので、 笠…,名詞,,en,"n. (Hira=けはい) indication, sign, market trend; worry",,,,,,
そうな,…は 吹雪 に なり そうな 気配 が した ので、…,,,en,Likely,,,,,,
吹雪,お じいさん は 吹雪 に なり そうな 気配…,名詞,,en,Snowstorm,,,,,,
売れません,…が、 ひと つ も 売れません でした。,,,en,I can't sell,,,,,,
売り,…中 を 笠 を 売り に 町 に 出かけます…,動詞,売る,en,売る (うる)- sell,,,,,,
笠,…雪 の 中 を 笠 を 売り に 町…,名詞,,en,"n. (Hira=かさ, Kata=カサ) bamboo hat; shade, lampshade",,,,,,
中,はい、 彼 は 休暇 中 フランス 語 を 勉強…,名詞,,en,"n.  (Hira=なか,ちゅう,じゅう) inside, interior part; middle,",en,"inside, interior part; middle; short for Middle School",,,,
雪,…大晦日、 お じいさん は 雪 の 中 を 笠…,名詞,,en,ゆき snow,en,"snow, Yuki (name)",,,,
年 も 迫った 大晦日,年 も 迫った 大晦日、 お じいさん は 雪…,,,en,New Year's Eve is approaching,,,,,,
大晦日,年 も 迫った 大晦日、 お じいさん は 雪…,名詞,,en,おおみそか New Year's Eve,,,,,,
迫った,年 も 迫った 大晦日、 お じいさん は…,動詞,迫る,en,"Hira=せまる) draw near, get near,",en,せまる	1: to approach; to draw near; to be imminent; ()  2: to press (someone for something); to urge; to compel,,,,
出かけます,…売り に 町 に 出かけます が、 ひと つ も…,,,en,Go out,en,to go out (e.g. on an excursion or outing); to leave; to depart; to start; to set out,,,,
住んで,彼 は ここ に 住んで いる のです か？,動詞,住む,en,(Hira=すむ) to live,en,"すむ (v5m,vi) to live; to reside; to dwell;",,,,
おばあ さん,…に お じいさん と おばあ さん が 住んで いました。,,,en,Grandmother,,,,,,
おばあ,…に お じいさん と おばあ さん が 住んで いました。,名詞,,en,Grandma,,,,,,
奥,…里 離れた 山 の 奥 に お じいさん と…,名詞,,en,"(Hira=おく) inner part, interior, inside, interior piece or portion, internal elem",,,,,,
山,…むかし、 ひと 里 離れた 山 の 奥 に お…,名詞,,en,"n.  (Hira=やま,さん) Mountain",,,,,,
離れた,むかし、 むかし、 ひと 里 離れた 山 の 奥 に…,動詞,離れる,en,"adj.  (Hira=はなれた) isolated, separated from others; far, distant   離れる v. (Hira=はなれる) be separated, disengage, disconnect",en,"to be separated; to be apart; to be distant, to leave; to go away",,,,
地蔵,…６ 体 の お 地蔵 さま を みつけました。,名詞,,en,Kshitigarbha Bodhisattva who guards over a human being,,,,,,
じいさん,…中 の 帰り道、 お じいさん は ６ 体 の…,名詞,,en,Old man,,,,,,
里,むかし、 むかし、 ひと 里 離れた 山 の 奥…,名詞,,en,"n.  (Hira=さと) home village,",en,Village,,,,
じぞう,かさ じぞう,名詞,,en,"n. (Kanji=地蔵) Jizo, Bodhisattva who guards over a human being",,,,,,
かさ,かさ じぞう,名詞,,en,Umbrella,en,"To lend, to loan, to rent out",,,,
場合,多く の 場合,名詞,,en,"n.  (Hira=ばあい) case, occasion, situation",,,,,,
多く,彼ら は 多く の 異なった 言語 で…,名詞,,en,"adv. (Hira=おおく) much, a great deal; more than",en,many; much; largely; abundantly; mostly,,,,
話して,イントネーション で 話して も,話す,動詞,en,"n.  (Hira=はなし) talk, speech; story; conversation",,,,,,
間違った,…の 発 話 で、 間違った アクセント や,動詞,間違う,en,"(Hira=まちがった) wrong, mistaken; incorrect, erroneous",,,,,,
話,ジェーン の 話 を 聞いて、 よし子 さん…,名詞,,en,"n. (Hira=はなし) talk, speech; story; conversation",,,,,,
発,しかし 日本 語 の 発 話 で、 間違った アクセント…,名詞,,en,"n.  (Hira=はつ) departure, beginning; pop; gun shot identifier",,,,,,
心配に,…いる の か と 心配に なります,形容詞,心配だ,en,心配 【しんぱい】(1) worry; concern; anxiety; (2) care; help; aid; assistance;,,,,,,
ふつうの,…に な がわ が ふつうの せんとう の デザイン を…,形容詞,ふつうだ,en,普通 ふつう	1: general; ordinary; usual; (Adverb)  2: normally; generally; usually; 3: (Abbreviation) train that stops at every station,,,,,,
がわ,その に な がわ が ふつうの せんとう の…,名詞,,en,"side, right/left of 3D, front/back of 2D",,,,,,
ラーメン,ラーメン はくぶつ かん..( n4) Ramen…,名詞,,en,Ramen,,,,,,
忍者,昔、 忍者 が 住んで いた 滋賀…,名詞,,en,n.  (Hira=にんじゃ) Ninja,,,,,,
昔,昔、 忍者 が 住んで いた…,名詞,,en,olden days,,,,,,
その後,で、 その後、 今 まで は 主に…,名詞,,en,"そのご/そののち -- after that, afterward, afterwards, succeeding that",,,,,,
出会う,…は ドラコ・ マルフォイ と 出会う まで の 話 だ。,動詞,,en,"v.  (Hira=であう) encounter, come across, meet by chance, run across, happen to encounter, happen upon -; meet, hold a rendezvous, have a date",,,,,,
ドラコ,でも それ は ドラコ・ マルフォイ と 出会う まで…,名詞,,en,Draco,,,,,,
ほしい,…スクリーン の コンピューター が ほしい です。,形容詞,,en,"(Kanji=欲しい) wanted, wished, requested, in need of, desired",,,,,,
小学校,A:４ 月 から 小学校 に 上がり ます ね。,名詞,,en,primary school,,,,,,
言いました,…仕事 に 就ける と 言いました。,,,en,"v.  (Alt=謂う,云う, Hira=いう) tell; say, remark",,,,,,
彼,彼 は 都合 が 悪い と 言って いる が 、 それ は 口実 で しか ない 。,,,en,kare - he,,,,,,
身,日本 語 を 身 に つける ため に…,名詞,,en,body,,,,,,
遠足,みんな で 遠足 に 行こう で は…,名詞,,en,Excursion,,,,,,
去年,去年、 北海道 に たくさんの 台風…,名詞,,en,last year,,,,,,
ストーブ,…は ベッド、 テレビ、 そして ストーブ です。,名詞,,en,Stove,,,,,,
きょう,とう きょう の すぎな み く…,名詞,,en,today,,,,,,
でも,…に、「 パーカー さん、 コーヒー でも いかが です か？,接続詞,,en,but,,,,,,
いきます,彼女 は 電気店 に いきます。,,,en,to go,,,,,,
シティ,…よる と、 ベルファスト の シティ 空港 の 80% の 飛行機…,名詞,,en,City,,,,,,
もっと,私 は もっと 勉強 す べきです。,副詞,,en,"もっと	(adv,on-mim) (some) more; even more; longer; further; (P)",,,,,,
どこ,しかし 彼 は どこ に 行く か わかりません。,指示詞,,en,"(Kanji=何処) where, in what location; how; to what location?; from what location",,,,,,
たく ない,会社 行き たく ない,,,en,I do not want,,,,,,
いう,…こと が ある、 と いう こと を 日本語 の…,形容詞,いい,en,言う to say; to utter; to declare,,,,,,
また,彼女 は また 自分 と 夫 の…,接続詞,,en,also; again,,,,,,
ここ,彼 は ここ に 住んで いる のです…,指示詞,,en,here,,,,,,
もしも,…つないで 空 を 見上げたら もしも あの 街 の どこ…,副詞,,en,"if, in the case of",,,,,,
テニス,私 は テニス を する の が…,名詞,,en,Tennis,,,,,,
なかった,…を 携帯 して い なかった こと を 理由 に、…,ない,形容詞,en,-nakatta: informal past negative,,,,,,
官,…を 理由 に、 警察 官 から 賄賂 を 要求…,名詞,,en,government service; chief,,,,,,
警察,…こと を 理由 に、 警察 官 から 賄賂 を…,名詞,,en,police,,,,,,
れました,…を 見せる よう 言わ れました。,,,en,It was,,,,,,
わかる,…の こと が たちどころに わかる なんて... ラジオ は なんて…,動詞,,en,know; understand,,,,,,
した んだ,…の 奥さん が びっくり した んだ と 思う わ。,,,en,I was,,,,,,
しかし,しかし 彼 は どこ に…,接続詞,,en,"but, however, yet",,,,,,
して います,…レストラン で 料理 を して います。,,,en,"shiteimasu: do, does",,,,,,
おっと,かぞく は おっと だけ、 ふた り で…,名詞,,en,husband,,,,,,
もし,もし 途中 で 誰 か…,副詞,,en,"conj.  if, in the case of, in case, supposing",,,,,,
して,…レストラン で 料理 を して います。,動詞,する,en,する - do; make 《a discovery》; try; attempt; play 《a game》; have,,,,,,
ため,彼 は 仕事 の ため に 車 を 運転します。,名詞,,en,ため sake; purpose; objective; aim​,,,,,,
館,…現地 の 日本 大使 館 が 注意 を よびかけて…,名詞,,en,かん house; hall; building​ やかた mansion; small castle​; nobleman; noblewoman​; boat cabin,,,,,,
大使,…から、 現地 の 日本 大使 館 が 注意 を…,名詞,,en,ambassador,,,,,,
現地,…さ れた こと から、 現地 の 日本 大使 館…,名詞,,en,local,,,,,,
理由,…い なかった こと を 理由 に、 警察 官 から…,名詞,,en,"(Hira=りゆう) reason, pretext, pretense, motive",,,,,,
パスポート,…人 旅行 者 が パスポート を 携帯 して い…,名詞,,en,Passport,,,,,,
ケニア,アフリカ 東部 の ケニア で、 日本 人 旅行…,名詞,,en,"n. Kenya, country in eastern Africa",,,,,,
東部,アフリカ 東部 の ケニア で、 日本…,名詞,,en,eastern part,,,,,,
神様,…エルメス） 神様 が さ,名詞,,en,God,,,,,,
イヤ,…て 終わる の は イヤ だ なあ,形容詞,イヤだ,en,(嫌 - いや) disagreeable; detestable; unpleasant; reluctant​,,,,,,
埋もれ,…キノ と 砂 に 埋もれ て 終わる の は…,動詞,埋もれる,en,to be buried; to be covered,,,,,,
砂,…ミイラ の キノ と 砂 に 埋もれ て 終わる…,名詞,,en,Sand,,,,,,
ミイラ,砂漠 の 真ん中 で ミイラ の キノ と 砂…,名詞,,en,"mummy, embalmed corpse, mummified corpse; mother (British)",,,,,,
砂漠,砂漠 の 真ん中 で ミイラ…,名詞,,en,(Hira=さばく) desert,,,,,,
こっち,でも こっち は どう なる の…,名詞,,en,"此方 this; this place, here, this person;",,,,,,
勝手,…が 干からびる の は 勝手 だ よ,形容詞,勝手だ,en,one's own convenience; one's way; selfishness​,,,,,,
干からびる,そりゃ あ キノ が 干からびる の は 勝手 だ…,動詞,,en,"adj. (Alt=乾涸びた, Hira=ひからびる) dry up, wither, shrivel",,,,,,
そりゃ,そりゃ あ キノ が 干からびる…,感動詞,,en,そりゃ	1: very; extremely; (Expression)  2: that is,,,,,,
戻,…さん の 所 へ 戻 ろ う,動詞,戻す,en,もど back,,,,,,
所,…お 師匠 さん の 所 へ 戻 ろ う,名詞,,en,place; spot,,,,,,
師匠,…間に合う から さ お 師匠 さん の 所 へ…,名詞,,en,"n. (Hira=ししょう) master, teacher, mentor, instructor, educator, preceptor, spiritual instructor, adviser, one who guides and teaches",,,,,,
間に合う,今 から だったら 間に合う から さ お 師匠…,動詞,,en,まにあう be in time for; to meet (a purpose); be good enough for;,,,,,,
だったら,今 から だったら 間に合う から さ お…,だ,判定詞,en,if it's the case,,,,,,
無理,…これ じゃあ 旅 なんて 無理 だ よ,名詞,,en,"unreasonable, impossible",,,,,,
旅,…最初 から これ じゃあ 旅 なんて 無理 だ よ,名詞,,en,travel,,,,,,
息遣い,（ キノ の 荒い 息遣い）,名詞,,en,"breathing, respiration, inhaling and exhaling",,,,,,
荒い,（ キノ の 荒い 息遣い）,形容詞,,en,"rough, harsh; rude; wild",,,,,,
そして,そして 我が 社 の 一員…,接続詞,,en,"then; and, with, together with; also, too",,,,,,
すいた,彼 は おなか の すいた お客様 に 食事 を…,動詞,すく,en,Hungry,,,,,,
だ けど,…耳 に 挟んだ ん だ けど、 うち の 会社 来年…,,,en,however,,,,,,
いえば,そう いえば 、 あなた に 似て いる 人 が います 。,,,en,Speaking of,,,,,,
べき,…と して 記念 す べき 第 一 歩 を…,助動詞,べきだ,en,"beki: should, must",,,,,,
なら,…チャンス が つかみたい の なら まだ 泣く の に…,なる,動詞,en,if; in the case of; as for,,,,,,
ない,…一生懸命 は 働き たく ない です。,形容詞,,en,"nai: verbal suffix, informal negative (not)",,,,,,
とき,…が お 休み の とき に、 遊園地 に 行こう…,名詞,,en,"toki - time, when",,,,,,
った,サ… サンダル で 来ちゃ った,う,接尾辞,en,-ta informal past suffix,,,,,,
けど,…作って みた ん だ けど、 どう かしら。,接続詞,,en,"but, however, yet",,,,,,
飲んだ んです,…コーヒー を 二 杯 飲んだ んです。,,,en,I drank,,,,,,
ただ,ただ の 噂 じゃない の。,連体詞,,en,"simply, purely",,,,,,
え,え、 誰 が そんな こと…,名詞,,zh-tw,Eh and,,,,,,
ながら,…など、 日本 に い ながら に して さまざまな 言葉…,助詞,,en,while; during; as; despite; although,,,,,,
加えて,日本 語 放送 に 加えて、 韓国 語、 中国 語、…,副詞,,en,in addition,,,,,,
聴き,…かじりついて 海外 放送 を 聴き ました。,動詞,聴く,en,Listen,,,,,,
かじりついて,…くれた） 短波 ラジオ に かじりついて 海外 放送 を 聴き…,動詞,かじりつく,en,"v. (Kanji=齧り付く) bite into, stick to, take a bite of, sink one's teeth into",,,,,,
短波,…父 が 買って くれた） 短波 ラジオ に かじりついて 海外…,名詞,,en,たんぱ short wave,,,,,,
たて,まだ 中学 に 入り たて に も かかわら ず、…,動詞,たつ,en,suffix:  2. just (done); freshly (baked); indicates activity only just occurred​,,,,,,
入り,まだ 中学 に 入り たて に も かかわら…,入る,動詞,en,"Hira=はいる get in, enter, go into",,,,,,
思い,…子供 心 に も 思い ました。,思う,動詞,en,"(Alt=想う, Hira=おもう) think, feel, deem, suppose, seem",,,,,,
心,…と... 子供 心 に も 思い ました。,名詞,,en,"n.  (Hira=こころ) heart, mind",,,,,,
のだろう,…便利 な 道具 な のだろう！,助動詞,のだ,en,Would,,,,,,
道具,…は なんて 便利 な 道具 な のだろう！,名詞,,en,"implement, tool, means",,,,,,
便利,…なんて... ラジオ は なんて 便利 な 道具 な のだろう！,形容詞,便利だ,en,"「べんり」Convinience, something useful．",,,,,,
なんて,…こと が たちどころに わかる なんて... ラジオ は なんて 便利…,副詞,,en,"adv.  (Kanji=何て) how, what, Really? (used to express surprise)",,,,,,
たちどころに,…中 の こと が たちどころに わかる なんて... ラジオ は…,副詞,,en,"立ち所に) at once,",,,,,,
わかって,…通じて 彼 に は わかって いた のです。,動詞,わかる,en,v. (Kanji=分かる) be understood,,,,,,
通じて,…こと は、 ニュース を 通じて 彼 に は わかって…,動詞,通ずる,en,"through, via, by way of",,,,,,
ニュース,…が 終わった こと は、 ニュース を 通じて 彼 に…,名詞,,en,news,,,,,,
終わった,実は、 戦争 が 終わった こと は、 ニュース を…,動詞,終わる,en,"Done v.  (Hira=おわる) finish, end, be terminated, bring to an end",,,,,,
戦争,実は、 戦争 が 終わった こと は、…,名詞,,en,war,,,,,,
いた,…と 共に 生活 して いた のです。,いる,動詞,,,,,,,,
共に,…地下 で ラジオ と 共に 生活 して いた のです。,副詞,,en,ともに together; cooperatively,,,,,,
ラジオ,…の あいだ、 地下 で ラジオ と 共に 生活 して…,名詞,,en,"n.  radio,",,,,,,
地下,…から 30 年 の あいだ、 地下 で ラジオ と 共に…,名詞,,en,underground,,,,,,
あいだ,…終結 から 30 年 の あいだ、 地下 で ラジオ と…,名詞,,en,"(Kanji=間) space, interval; time;",,,,,,
ました,…素晴らしい 本 を 書き ました が、 あまり 売れ ませ…,動詞,ます,en,mashita - positive polite word past tense,,,,,,
発見,…太平洋 の 島 で 発見 さ れ ました。,名詞,,en,"discovery, finding; revelation",,,,,,
島,…少尉 が 太平洋 の 島 で 発見 さ れ…,名詞,,en,Island,,,,,,
太平洋,…年、 小野田 少尉 が 太平洋 の 島 で 発見…,名詞,,en,(Hira=たいへいよう) Pacific Ocean,,,,,,
中学生,中学生 の こと の 思い出,名詞,,en,中学生 n. (Hira=ちゅうがくせい) middle school,,,,,,
値,…巧みな 技術 と 経験 値 が 必要 そうです。,名詞,,en,"size, dimension, magnitude; price, cost, value",,,,,,
経験,…は、 巧みな 技術 と 経験 値 が 必要 そうです。,名詞,,en,experience,,,,,,
技術,…せる の は、 巧みな 技術 と 経験 値 が…,名詞,,en,Technology,,,,,,
せる,…ぬいぐるみ」 を 自立 さ せる の は、 巧みな 技術…,動詞,,en,(after verb Causative) to make or let someone do somthing,,,,,,
さ,…の ぬいぐるみ」 を 自立 さ せる の は、 巧みな…,接尾辞,,en,"さ		1: -ness (nominalizing suffix indicating degree or condition); (Particle) 2: (sentence end, mainly masc.) indicates assertion; (Interjection)",,,,,,
巧みな,…さ せる の は、 巧みな 技術 と 経験 値…,形容詞,巧みだ,en,"(Hira=たくみ) aptitude; skill; cleverness, intelligence",,,,,,
素人,素人 から 見て も、3 つ…,名詞,,en,amateur; layman; ordinary person; novice​,,,,,,
犯行,…こと（ やはり、 プロ の 犯行 か！,名詞,,en,"(Hira=はんこう) crime, criminal act, illegal act; sin; trespass; embezzlement",,,,,,
プロ,…と の こと（ やはり、 プロ の 犯行 か！,名詞,,en,Professional,,,,,,
やはり,…いる と の こと（ やはり、 プロ の 犯行 か！,副詞,,en,"adv. also, in addition; still; of course; nevertheless",,,,,,
いる,…の ぬいぐるみ を つくって いる と の こと（ やはり、…,動詞,,en,"be, exist, live, have (animate)",,,,,,
つくって,…生き物 の ぬいぐるみ を つくって いる と の こと（…,動詞,つくる,en,つくる: to make,,,,,,
普段,普段 から パタンナー と して…,名詞,,en,usually,,,,,,
パタンナー,…の 制作 者 は パタンナー・ REAPLUSH さん。,名詞,,en,Patterner,,,,,,
者,…の ぬいぐるみ」 の 制作 者 は パタンナー・ REAPLUSH さん。,名詞,,en,"n.  (Hira=もの) person, human being",,,,,,
制作,…ケルベロス の ぬいぐるみ」 の 制作 者 は パタンナー・ REAPLUSH…,名詞,,en,"Work, create, produce",,,,,,
ほど,…傑作 ため息 が 出る ほど カワイイ「 ケルベロス の ぬいぐるみ」…,名詞,,en,about; approximately; some; a degree; a limit; bounds,,,,,,
傑作,…の 挑戦 から 生まれた 傑作 ため息 が 出る ほど…,名詞,,en,masterpiece,,,,,,
生まれた,パタンナー の 挑戦 から 生まれた 傑作 ため息 が 出る…,動詞,生まれる,en,v.  (Hira=うまれる) be born,,,,,,
挑戦,パタンナー の 挑戦 から 生まれた 傑作 ため息…,名詞,,en,"challenge, defiance, dare; try",,,,,,
愛でたい,…より、 何より も カワイイ（ 愛でたい）。,,,en,auspicious,,,,,,
何より,と いう より、 何より も カワイイ（ 愛でたい）。,副詞,,en,More than anything,,,,,,
より,と いう より、 何より も カワイイ（ 愛でたい）。,副詞,,en,"v. depend, rely on, be dependent upon; than",,,,,,
誇って,…高い 完成 度 を 誇って います。,動詞,誇る,en,to boast of; to be proud of,,,,,,
度,…も 可能な 高い 完成 度 を 誇って います。,名詞,,en,"たび；ど time, occasion, number of times identifier; degree",,,,,,
完成,…自立 も 可能な 高い 完成 度 を 誇って います。,名詞,,en,complete,,,,,,
可能な,…足 で 自立 も 可能な 高い 完成 度 を…,形容詞,可能だ,en,"adj. (Hira=かのうな) possible, feasible, could be; practicable, practical",,,,,,
自立,…ちゃん と 4 足 で 自立 も 可能な 高い 完成…,名詞,,en,"independence, self-reliance",,,,,,
足,…です ね〜 ちゃん と 4 足 で 自立 も 可能な…,名詞,,en,"あし -foot, leg",,,,,,
ちゃん,…属性っぽくて いい です ね〜 ちゃん と 4 足 で 自立…,名詞,,en,"chan, suffix meaning lad, kid",,,,,,
闇,…に 赤 眼 が 闇 属性っぽくて いい です ね〜…,名詞,,en,darkness; the dark,,,,,,
黒地,黒地 に 赤 眼 が…,名詞,,en,"【くろじ】 	(n) black ground; black cloth; ED; Name(s):  【くろち】 (s) Kurochi 【くろじ】 (p,s) Kuroji  SrcHNA",,,,,,
ぬいぐるみ,それ が「 ケルベロス の ぬいぐるみ」 です。,名詞,,en,"stuffed doll, stuffed toy",,,,,,
化,…が、 ハンドメイド で 人形 化。,接尾辞,,en,action of making something; -ification,,,,,,
人形,…ケルベロス が、 ハンドメイド で 人形 化。,名詞,,en,doll,,,,,,
ハンドメイド,そんな ケルベロス が、 ハンドメイド で 人形 化。,名詞,,en,Hand made,,,,,,
生き物,…描かれて いて、 馴染み ある 生き物 です。,名詞,,en,"living thing, animal",,,,,,
描かれて,…かつ 恐ろしい 姿 で 描かれて いて、 馴染み ある 生き物…,,,en,Drawn,,,,,,
姿,…でも 獰猛 かつ 恐ろしい 姿 で 描かれて いて、 馴染み…,名詞,,en,"(Hira=すがた) shape, figure, human shape, appearance",,,,,,
恐ろしい,…ファンタジー でも 獰猛 かつ 恐ろしい 姿 で 描かれて いて、…,形容詞,,en,"terrible, dreadful, horrible",,,,,,
かつ,…の ファンタジー でも 獰猛 かつ 恐ろしい 姿 で 描かれて…,接続詞,,en,"yet, but, and, together with",,,,,,
獰猛,…など の ファンタジー でも 獰猛 かつ 恐ろしい 姿 で…,形容詞,獰猛だ,en,どうもう ferocious; fierce; truculent; savage​,,,,,,
ファンタジー,…や 漫画 など の ファンタジー でも 獰猛 かつ 恐ろしい…,名詞,,en,fantasy​,,,,,,
など,…の ゲーム や 漫画 など の ファンタジー でも 獰猛…,助詞,,en,"(Alt=とう, Kanji=等) et cetera, and others, and so forth, and so on",,,,,,
ゲーム,…が 有名で、 多く の ゲーム や 漫画 など の…,名詞,,en,"n.  game, fun activity;",,,,,,
有名で,…つ の 首 が 有名で、 多く の ゲーム や…,形容詞,有名だ,en,有名 【ゆうめい】 (adj-na) (1) famous; (n) (2) fame;,,,,,,
首,…つ の 首 が 有名で、 多く の…,名詞,,en,くび	1: neck;,,,,,,
ケルベロス,…する、 冥府 の 番犬「 ケルベロス」。,名詞,,en,Kerberos,,,,,,
番犬,…登場 する、 冥府 の 番犬「 ケルベロス」。,名詞,,en,watchdog​,,,,,,
登場,ギリシャ 神話 に 登場 する、 冥府 の 番犬「…,名詞,,en,"entrance, appearance",,,,,,
神話,ギリシャ 神話 に 登場 する、 冥府…,名詞,,en,mythology,,,,,,
ギリシャ,ギリシャ 神話 に 登場 する、…,名詞,,en,n. Greece,,,,,,
冥府,…神話 に 登場 する、 冥府 の 番犬「 ケルベロス」。,名詞,,en,（めいふ） hades; realm of the dead; sheol,,,,,,
ワイン,ねえ ねえ、 ワイン も 飲もう か。,名詞,,en,ワイン	wine,,,,,,
ケーキ,彼 は ケーキ が 好きです が、 私…,名詞,,en,cake,,,,,,
やって,…彼女 は 水泳 を やって みます。,動詞,やる,en,to do; to undertake; to perform; to play (a game); to study,,,,,,
じゃあ,だから、 答え は、「 はい、 じゃあ 頂き ます」 か「 いいえ、…,感動詞,,en,"interj.  well, well then, so; alright; O.K.",,,,,,
します,…に いる こと に します。,,,en,"""does"" ; polite present of する",,,,,,
います,…で 料理 を して います。,,,en,"be, exist; live, be alive; have, possess; remain, stay; keep, hold onto",,,,,,
バス,今、 バス は 終了 し、 一度に…,名詞,,en,bus　ばす,,,,,,
ます,…は 男の子 だけ い ます が、 私 たち は…,動詞,,en,polite form,,,,,,
いく,…いる だいがく の が いく せい で、,形容詞,いい,en,"iku; to go, goes, will go (informal)",,,,,,
あ,あ、 でも この 料理 は…,ある,動詞,en,Oh,,,,,,
見えて,…に 黒い 影 が 見えて、 なんだ ろ ー って…,見える,動詞,en,見える   1. to be seen; to be in sight​,,,,,,
黒い,…窓 の 外 に 黒い 影 が 見えて、 なんだ…,形容詞,,en,くろい - black,,,,,,
代わり,彼女 の 息子 は 代わり に オレンジジュース に しました。,動詞,代わる,en,"substitute, deputy, alternate; relief, compensation; second helping",,,,,,
作りました,…為 に 紅茶 を 作りました。,,,en,made,,,,,,
為,…へ と 伸びて いる 為、 会社 が 海外 へ…,名詞,,en,"ため -  as a result, due to that, therefore, accordingly",,,,,,
沸かしました,…ポット の 水 を 沸かしました。,,,en,Boiled,,,,,,
しよう,…は 卵 料理 に しよう と 決めました。,動詞,する,en,v. (Kanji=為る) do; try; play; practice; cost; elapse; reach to,,,,,,
決めました,…料理 に しよう と 決めました。,,,en,I decided,,,,,,
ミルク,…は 卵、 パン と ミルク を 見ました。,名詞,,en,milk,,,,,,
卵,サラ は 卵、 パン と ミルク を…,名詞,,en,egg,,,,,,
でした,…を 持って い ません でした が、 旅行 を する…,だ,判定詞,en,was,,,,,,
入って,しかし あまり 食べもの は 入って いません でした。,入る,動詞,en,"(Hira=はいる) get in, enter, go into; come in;",,,,,,
食べもの,しかし あまり 食べもの は 入って いません でした。,名詞,,en,"n. (Hira=たべもの) food, diet, provisions, sustenance, food and drink",,,,,,
庫,サラ は 冷蔵 庫 の 中 を 見ました。,名詞,,en,"n.  (Alt=蔵, Hira=くら) warehouse, storehouse;",,,,,,
冷蔵,サラ は 冷蔵 庫 の 中 を…,名詞,,en,Refrigeration,,,,,,
待って,…夫 も 朝食 を 待って いました。,動詞,待つ,en,"v.  (Alt=俟つ, Hira=まつ) await, wait, remain in one place until a certain event; expect, hope, anticipate",,,,,,
夫,彼女 の 息子 と 夫 も 朝食 を 待って…,名詞,,en,おっと husband,,,,,,
息子,彼女 の 息子 と 夫 も 朝食…,名詞,,en,son,,,,,,
作ろう,…は 毎朝 朝食 を 作ろう と して いました。,動詞,作る,en,"作る v. (Alt=造る, Hira=つくる) make, create, manufacture, fabricate; prepare; draw up, write; compose; build; coin; cultivate; organize, establish; make up, model",,,,,,
普通,…に なる に は、 普通 １０ 年 の 修行 が…,副詞,,en,"(Hira=ふつう) generally, ordinarily, usually",,,,,,
なる,すし 職人 に なる に は、 普通 １０ 年…,動詞,,en,成る 1. to become; to get; to grow; to be; to reach; to attain. Usually written using kana alone. 2. to result in; to prove to be. 3. to consist of; to be composed of.,,,,,,
職人,すし 職人 に なる に は、…,名詞,,en,"worker, skilled workman",,,,,,
たい,…お 金 を 稼ぎ たい です が、 一生懸命 は…,名詞,,en,want,,,,,,
が,まだ 仕事 が 終わりません。,接続詞,,,,,,,,,
ハ,あちら 訛り「 アナタ ハ、 アタシ ト、 キョウ、 タノシミ…,名詞,,en,Ha,,,,,,
伸びて,…外国 市場 へ と 伸びて いる 為、 会社 が…,動詞,伸びる,en,Extends,,,,,,
市場,…の 需要 が 外国 市場 へ と 伸びて いる…,名詞,,en,market; marketplace,,,,,,
需要,…の 製品 へ の 需要 が 外国 市場 へ…,名詞,,en,demand,,,,,,
製品,彼女 は 会社 の 製品 へ の 需要 が…,名詞,,en,manufactured goods,,,,,,
マーケティングマネージャー,…は 製造 会社 の マーケティングマネージャー です。,名詞,,en,Marketing manager,,,,,,
製造,A) マーガレット は 製造 会社 の マーケティングマネージャー です。,名詞,,en,"manufacture, production",,,,,,
であろう,…いる の を 知る であろう。,助動詞,だろう,en,An even more polite form than  でしょう,,,,,,
知る,…して いる の を 知る であろう。,動詞,,en,know,,,,,,
通用,…の 表現 が、 大真面目に 通用 して いる の を…,名詞,,en,popular use; to pass as,,,,,,
大真面目に,…種類 の 表現 が、 大真面目に 通用 して いる の…,形容詞,大真面目だ,en,"大真面目 【おおまじめ】 (adj-na,n) deadly serious",,,,,,
表現,こんな 種類 の 表現 が、 大真面目に 通用 して…,名詞,,en,expression; representation,,,,,,
種類,こんな 種類 の 表現 が、 大真面目に…,名詞,,en,type,,,,,,
こんな,こんな 種類 の 表現 が、…,指示詞,,en,"adj.  such, like",,,,,,
たてて,…に、 聞 耳 を たてて 見 給え。,動詞,たてる,en,立てて たてて (adv) especially; particularly; wholeheartedly,,,,,,
聞,…アヴェック の 会話 に、 聞 耳 を たてて 見…,聞く,動詞,en,聞く (きく) (1) to hear; (2) (usu. 聴く) to listen (e.g. to music); (3) (formal 聴く) to ask; to enquire; to query;,,,,,,
若い,人前 を はばから ぬ 若い アヴェック の 会話 に、…,形容詞,,en,"young, fresh",,,,,,
はばから,人前 を はばから ぬ 若い アヴェック の…,,,en,憚る	はばかる	1: to hesitate; to have scruples; to be afraid of what others may think; 2: to lord it over; to have great influence,,,,,,
人前,人前 を はばから ぬ 若い…,名詞,,en,the public; company,,,,,,
外国,これ は 外国 人 の 日本 語…,名詞,,en,がいこく foreign country,,,,,,
タノシミ,…ハ、 アタシ ト、 キョウ、 タノシミ マス カ」「 カノジョ ハ、…,名詞,,en,Fun,,,,,,
ト,…訛り「 アナタ ハ、 アタシ ト、 キョウ、 タノシミ マス カ」「…,名詞,,en,to,,,,,,
アタシ,あちら 訛り「 アナタ ハ、 アタシ ト、 キョウ、 タノシミ マス…,名詞,,en,"私 あたし Pronoun, No-adjective
1. I; meFemale term or language",,,,,,
訛り,あちら 訛り「 アナタ ハ、 アタシ ト、…,動詞,訛る,en,"accent, emphasis placed on a certain syllable in a word",,,,,,
あちら,あちら 訛り「 アナタ ハ、 アタシ…,指示詞,,en,4. there (place distant from both speaker and listener); over there; foreign country (esp. a Western nation),,,,,,
あの,あの カップル は 男の子 だけ…,指示詞,,en,"That, definite article/ well, umm",,,,,,
作る,…自分 で 曲 も 作る。,動詞,,en,（Hira=つくる) make; cook,,,,,,
曲,…で なく、 自分 で 曲 も 作る。,名詞,,en,tune; melody,,,,,,
歌,あの 歌手 は 歌 が 上手 な だけ…,名詞,,en,song,,,,,,
歌手,あの 歌手 は 歌 が 上手…,名詞,,en,(Hira=かしゅ) singer,,,,,,
文章,…きれいな だけ で なく 文章 も 上手 だ。,名詞,,en,sentence,,,,,,
きれいな,…さん は 字 が きれいな だけ で なく 文章…,形容詞,きれいだ,en,"きれいな adj. (Kanji=奇麗な) clean, tidy, pretty, nice, pleasant",,,,,,
字,鈴木 さん は 字 が きれいな だけ で…,名詞,,en,"character; handwriting; penmanship; the ... word (i.e. ""the L word"" = ""love"")",,,,,,
みよう,…よって、 パパ に 頼んで みよう か」「 だめだ よ。,動詞,みる,en,"let us, to allow (with -te form)",,,,,,
頼んで,…行こう よって、 パパ に 頼んで みよう か」「 だめだ よ。,頼む,動詞,en,"ask, beg, request",,,,,,
今度,今度、 パパ が お 休み…,名詞,,en,"this time, now; next time; another time",,,,,,
行こう,遊園地、 行こう」「 そう ね。,動詞,行く,en,いこう let's go,,,,,,
遊園地,「 ねぇ、 ママ、 遊園地、 行き たい。,名詞,,en,amusement park ゆうえんち,,,,,,
スタッフ,つまり シティ 空港 の スタッフ、 Flybe の スタッフ、 たくさんの…,名詞,,en,staff,,,,,,
今日,…に 就職 が 決まり 今日 から 新 生活 が…,名詞,,en,"n.  (Hira=きょう) today, current day",,,,,,
旦那,私 の 旦那 は チョコ チップ が…,名詞,,en,"husband, man of the house",,,,,,
けれども,…を 買って きた んです けれども、 チョコレート の ハーゲンダッツ でした。,接続詞,,en,"however, but, yet",,,,,,
きた,…の アイスクリーム を 買って きた んです けれども、 チョコレート の…,動詞,くる,en,Came,,,,,,
買って,ハーゲンダッツ の アイスクリーム を 買って きた んです けれども、 チョコレート…,動詞,買う,en,"v.  (Hira=かう) buy, purchase; get; appreciate; volunteer",,,,,,
思っちゃった,…アイスクリーム が 食べたい と 思っちゃった んです ね。,,,en,I thought,,,,,,
まあまあ,私 は まあまあ です ね、 でも 時々…,副詞,,en,"yes, so-so.",,,,,,
着信,着信 音）（ 太一） あ…,名詞,,en,Incoming,,,,,,
水筒,…太一） 寝袋 チェック 水筒 チェック,名詞,,en,すいとうwater bottle,,,,,,
寝袋,…太一） 寝袋 チェック 水筒 チェック,名詞,,en,sleeping bag,,,,,,
太一,太一） 寝袋 チェック 水筒 チェック,名詞,,en,たいち Taichi,,,,,,
さらなる,今 さらなる 未知の 領域 へ 繋がろう…,形容詞,さらだ,en,even more; still more,,,,,,
進化,…加速 を 続ける その 進化 は—,名詞,,en,evolution,,,,,,
加速,…未来 を 拓 き 加速 を 続ける その 進化…,名詞,,en,acceleration,,,,,,
ダイヤル,ダイヤル 音）,名詞,,en,Dial,,,,,,
ナレーション,ナレーション） ネットワーク,名詞,,en,Narration,,,,,,
未知の,…デジモン と 呼ば れる 未知の 生命 体 が 息づいて…,形容詞,未知だ,en,not yet known; unknown; strange,,,,,,
れる,…は デジモン と 呼ば れる 未知の 生命 体 が…,接尾辞,,en,aux. positive auxiliary word used to express the passive form in the present tense,,,,,,
呼ば,…に は デジモン と 呼ば れる 未知の 生命 体…,動詞,呼ぶ,en,Called,,,,,,
世界,人間 の 世界 を 繋ぐ ネットワーク,名詞,,en,"Hira=せかい) world, society, universe",,,,,,
人間,人間 の 世界 を 繋ぐ…,名詞,,en,"human being, man, person, human",,,,,,
繋ぐ,人間 の 世界 を 繋ぐ ネットワーク,動詞,,en,to connect; to tie,,,,,,
ネットワーク,…の 世界 を 繋ぐ ネットワーク,名詞,,en,Network,,,,,,
すばらしい,彼女 は、 すばらしい ダンサー で は あり…,形容詞,,en,"adj. (Kanji=素晴らしい) wonderful, splendid, magnificent, amazing",,,,,,
手に入ります,…は いいません が、 だいたい 手に入ります。,,,en,"v.  (Hira=てにはいる) obtain, come into possession of, acquire, come by, earn",,,,,,
だいたい,…と は いいません が、 だいたい 手に入ります。,副詞,,en,adv. (Kanji=大体) generally,,,,,,
もの,家 で は、 ほしい もの が いつも と は…,名詞,,en,"物 thing; object; article; stuff; substance, one's things; possessions; property; belongings",,,,,,
あまり,…を 書き ました が、 あまり 売れ ませ ん でした。,副詞,,en,not very; not much; too much; excessively,,,,,,
仕事,まだ 仕事 が 終わりません。,名詞,,en,"しごと  work, occupation, labor, task",,,,,,
に,…朝、 市役所 と 銀行 に 行って から、 会社 に…,助詞,,en,"at, in, (can indicate direction, time or the indirect object of a sentence)",,,,,,
を,銀行 で 口座 を 開きます,助詞,,en,"case particle, indicates the case role of the phrase in relation to another word (used especially as a direct object marker) ...hah?",,,,,,
持って,彼 は 自信 を 持って いる ように 聞こえ ます…,持つ,動詞,en,"v.  (Hira=もつ) hold, possess, carry",,,,,,
させられました,…が、 仕事 を たくさん させられました。,,,en,させる：1 : to make (someone) do.   2 : to allow (someone) to,,,,,,
いいました,…に 疲れて いる と いいました が、 仕事 を たくさん…,,,en,Said,,,,,,
疲れて,私 は 上司 に 疲れて いる と いいました が、…,動詞,疲れる,en,"つかれ) - tiredness, fatigue",,,,,,
上司,私 は 上司 に 疲れて いる と…,名詞,,en,じょうし boss,,,,,,
上手で,…が 好きです が、 あまり 上手で は ありません。,形容詞,上手だ,en,じょうず 	1: skill; skillful; dexterity;,,,,,,
見つけて,…読む 時間 だけ は 見つけて います。,動詞,見つける,en,"見つけるv. (Hira=みつける) find out, discover, gain knowledge; locate, sight",,,,,,
時間,…が、 本 を 読む 時間 だけ は 見つけて います。,名詞,,en,time,,,,,,
読む,…です が、 本 を 読む 時間 だけ は 見つけて…,動詞,,en,よむ= to read,,,,,,
忙しい,私 は 忙しい です が、 本 を…,形容詞,,en,Adjective ~ いそがしい busy; occupied,,,,,,
好きでした,…する の は いつも 好きでした。,形容詞,好きだ,en,I liked,,,,,,
いつも,…を する の は いつも 好きでした。,副詞,,en,"itsumo: adv.  forever, constantly, always",,,,,,
旅行,…い ません でした が、 旅行 を する の は…,名詞,,en,"(Hira=りょこう) travel, journey, tour; traveling",,,,,,
お金,私 は あまり お金 を 持って い ません…,,,en,money,,,,,,
しまえば,PONPON 出して しまえば いい の ぜんぜん し…,動詞,しまう,en,しまう	to finish; to close; to do something completely; to put away; to put an end to,,,,,,
ponpon,PONPON 出して しまえば いい の…,名詞,,en,PONPON,,,,,,
出して,PONPON 出して しまえば いい の ぜんぜん…,動詞,出す,en,"v. (Hira=だす) send; hold out; extend, reach out; expose, issue, publish; display, present; produce; pay, contribute, invest; serve; exert",,,,,,
早い,…泣く の に は 早い よ ね ただ 前…,形容詞,,en,"早い	 はや--い  1:fast; quick;  2: early (in the day, etc.);",,,,,,
いやいや,…進む しか ない わ いやいや,副詞,,en,"No, no",,,,,,
泣く,…つかみたい の なら まだ 泣く の に は 早い…,動詞,,en,"v. (Hira=なく) cry, shout; sing",,,,,,
つかみたい,…か で チャンス が つかみたい の なら まだ 泣く…,,,en,I want to grab,,,,,,
チャンス,…の どこ か で チャンス が つかみたい の なら…,名詞,,en,"n.  chance, opportunity, prospect",,,,,,
見上げたら,…を つないで 空 を 見上げたら もしも あの 街 の…,動詞,見上げる,en,みあげる 1: to look up at; to raise one's eyes; 2: to look up to; to admire; to respect,,,,,,
空,…で 手 を つないで 空 を 見上げたら もしも あの…,名詞,,en,"emptiness, blank; sky",,,,,,
つないで,…真ん中 で 手 を つないで 空 を 見上げたら もしも…,動詞,つなぐ,en,繋ぐ つなぐ	to tie; to fasten; to connect; to transfer (phone call),,,,,,
スキップ,…で みんな が もし スキップ を して もし あの…,名詞,,en,Skip,,,,,,
街,…を して もし あの 街 の 真ん中 で 手…,名詞,,en,"street, road; quarters",,,,,,
みんな,あの 交差 点 で みんな が もし スキップ を…,副詞,,en,everyone,,,,,,
点,あの 交差 点 で みんな が もし…,名詞,,en,"てん) spot, mark, point, dot; number of items identifier; score identifier; particular point identifier",,,,,,
交差,あの 交差 点 で みんな が…,名詞,,en,"交差 n. (Hira=こうさ) cross, crossing",,,,,,
幸せ,そして 今 とても 幸せ です。,形容詞,幸せだ,en,"n. (Hira=しあわせ) happiness, good fortune, joy, gladness",,,,,,
出て,カレン は 家 から 出て ペット ショップ に ペット…,動詞,出る,en,"v.  (Hira=でる) appear, come forth; leave, depart",,,,,,
怖がります,…彼女 は 水 を 怖がります。,,,en,こわがり ます to be afraid of; to fear; to dread,,,,,,
行きます,…ペット を 見 に 行きます。,,,en,iku (to go) Formal Present,,,,,,
ペット,ペット ショップ で 彼女 は…,名詞,,en,"n.  pet,",,,,,,
見つけます,…彼女 は 猫 を 見つけます!,,,en,2. to locate; to find (e.g. something missing); to find fault​  3. to be used to seeing; to be familiar with​,,,,,,
水,しかし 彼女 は 水 を 怖がります。,名詞,,en,"みず= water (cold, fresh)",,,,,,
水泳,次に 彼女 は 水泳 を やって みます。,名詞,,en,"n. (Hira=すいえい) swimming, act of propelling oneself through water using the arms and/or legs",,,,,,
次に,次に 彼女 は 水泳 を…,副詞,,en,"adv. (Hira=つぎに) next, afterwards; secondly, subsequently",,,,,,
おいしく,…彼女 の 料理 は おいしく ありません。,形容詞,おいしい,en,"delicious, - おいしくない = not delicious",,,,,,
みます,"…は 料理 を して みます,",,,en,"look, watch",,,,,,
最初に,最初に 彼女 は 料理 を…,形容詞,最初だ,en,さいしょに - in the first place; first,,,,,,
趣味,彼女 は 新しい 趣味 が ほしい です。,名詞,,en,"hobby, fondness, predilection",,,,,,
毎日,彼女 は 毎日 同じ こと を して…,名詞,,en,"n.  (Hira=まいにち) every day, each day",,,,,,
退屈,…仕事 と 家 で 退屈 して います。,名詞,,en,"(Hira=たいくつ) tedium, boredom, tediousness, monotonousness",,,,,,
どんな,…住んで いました。 たいへん 賢くて どんな 難しい 問題 でも 解…,指示詞,,en,what kind of,,,,,,
賢くて,…が 住んで いました。 たいへん 賢くて どんな 難しい 問題 でも…,形容詞,賢い,en,"かしこい 賢い wise, intelligent, cautious",,,,,,
たいへん,…若者 が 住んで いました。 たいへん 賢くて どんな 難しい 問題…,副詞,,en,"(Kanji=大変) very, extremely, in an emphasized manner",,,,,,
いました,…賢い 若者 が 住んで いました。 たいへん 賢くて どんな 難しい…,,,en,was there,,,,,,
若者,…と いう とても 賢い 若者 が 住んで いました。 たいへん…,名詞,,en,Youth,,,,,,
賢い,…さん と いう とても 賢い 若者 が 住んで いました。…,形容詞,,en,"wise, intelligent; clever; smart; cautious; skilled",,,,,,
ところ,むかし、 むかし、 ある ところ に 彦一 さん と…,名詞,,en,"place; about to, on the point of, have only just",,,,,,
むかし,むかし、 むかし、 ある ところ に 彦一…,名詞,,en,a long time ago,,,,,,
やりがい,とても やりがい が ある から です。,名詞,,en,worthwhile,,,,,,
すき,…じぶん の しごと が すき です。,形容詞,すきだ,en,"adj.  (Kanji=好きな) preferable, favorite, liked, beloved",,,,,,
しごと,わたし は じぶん の しごと が すき です。,名詞,,en,"n.  (Kanji=仕事) work, occupation, labor, task",,,,,,
じぶん,わたし は じぶん の しごと が すき…,名詞,,en,Myself,,,,,,
しりあい,それ が きっかけ で しりあい ました。,動詞,しりあう,en,Acquaintance,,,,,,
きっかけ,それ が きっかけ で しりあい ました。,名詞,,en,"opportunity, chance",,,,,,
つかって,よく と しょかん を つかって い ました。,動詞,つかう,en,"つかう v. (Kanji=使う) use, handle, manipulate; employ; expend, spend; consume",,,,,,
しょかん,よく と しょかん を つかって い ました。,名詞,,en,書巻 book (usu. old); publication; document​,,,,,,
はたらいて,…は いぜん わたし が はたらいて いる だいがく の が…,動詞,はたらく,en,Working,,,,,,
いぜん,おっと は いぜん わたし が はたらいて いる…,副詞,,en,"adv. (Kanji=以前) ago, before, previously",,,,,,
けっこん,…じゅう なな ねん に けっこん し ました。,名詞,,en,marriage,,,,,,
きゅう,…たち は せ ん きゅう ひ ゃく きゅう じゅう…,形容詞,きゅうだ,en,nine,,,,,,
くらして,…だけ、 ふた り で くらして い ます。,動詞,くらす,en,kurasu: to live/get along/exist,,,,,,
ふた,かぞく は おっと だけ、 ふた り で くらして い…,名詞,,en,Top,,,,,,
すんで,…すぎな み く に すんで い ます。,動詞,すむ,en,"v.  (Kanji=棲む,住む) live, reside, inhabit, dwell, reside in",,,,,,
すぎな,とう きょう の すぎな み く に すんで…,名詞,,en,field horsetail (Equisetum arvense); common horsetail,,,,,,
かぞく,かぞく は おっと だけ、 ふた…,名詞,,en,"n.  (Kanji=家族) family, household, people of a house",,,,,,
しないで,…が 堅い から 心配 しないで。,,,en,Do not,,,,,,
心配,…口 が 堅い から 心配 しないで。,名詞,,en,"worry, concern",,,,,,
堅い,私 は 口 が 堅い から 心配 しないで。,形容詞,,en,hard,,,,,,
口,私 は 口 が 堅い から 心配…,名詞,,en,(Hira=くち) mouth,,,,,,
ダメ,…誰 に も 言っちゃ ダメ だ よ！,形容詞,ダメだ,en,useless,,,,,,
言っちゃ,…は 誰 に も 言っちゃ ダメ だ よ！,言う,動詞,en,言う【いう; ゆう】(1) to say; (2) to call (i.e. to give a name);,,,,,,
件,あ、 この 件 は 誰 に も…,名詞,,pl,precedent; matter; case; item,,,,,,
なきゃ,仕事 探さ なきゃ～。,ない,形容詞,en,(Hira=なきゃ)have to; must,,,,,,
探さ,仕事 探さ なきゃ～。,動詞,探す,en,"(さがす) 1: to search (for something lost); to seek (a suspect in a crime); 2: to search (for something desired, needed); to look for",,,,,,
聞きたく,そんな 話、 話 聞きたく なかった よ～。,,,en,I want to hear,,,,,,
まじ,まじ か～。,動詞,まじる,en,Seriously,,,,,,
聞いた,…マジ で やばい って 聞いた よ。,聞く,動詞,en,"v.  (Alt=聴く, Hira=きく) hear, listen; ask, question, query",,,,,,
って,…会社 マジ で やばい って 聞いた よ。,助詞,,en,What,,,,,,
やばい,…の 会社 マジ で やばい って 聞いた よ。,,,en,dangerous,,,,,,
マジ,いや、 うち の 会社 マジ で やばい って 聞いた…,名詞,,en,Really ? Really ?,,,,,,
噂,ただ の 噂 じゃない の。,名詞,,en,"rumor, gossip",,,,,,
そんな,え、 誰 が そんな こと 言って る の？,指示詞,,en,such,,,,,,
らしい,…会社 来年 リストラ する らしい。,助動詞,,en,"appear, come into view; seem",,,,,,
リストラ,…うち の 会社 来年 リストラ する らしい。,名詞,,en,"restructuring, downsizing",,,,,,
挟んだ,…さっき 小 耳 に 挟んだ ん だ けど、 うち…,動詞,挟む,en,"はさむ -  interpose, place between",,,,,,
小 耳,いや、 実 は さっき 小 耳 に 挟んだ ん だ…,,,en,こみみ ー 1. overhear; happened to hear thatColloquialism,,,,,,
ぜひ,…でも はずかしく ない なら、 ぜひ 行って みて ください。,副詞,,en,"(Kanji=是非) certainly, without fail",,,,,,
はずかしく,もし はだか でも はずかしく ない なら、 ぜひ 行って…,形容詞,はずかしい,en,（恥ずかしい、はずかしい） shy; ashamed; embarrassed,,,,,,
入ります,…で お ふろ に 入ります。,,,en,hairimasu (hairu) - to enter,,,,,,
はだか,…は、 プール と 違って はだか で お ふろ に…,名詞,,en,Naked,en,"n. 裸
1. nakedness; nudity​; naked",,,,
違って,せんとう は、 プール と 違って はだか で お ふろ…,動詞,違う,en,"たがう) differ, be dissimilar, be different",,,,,,
プール,せんとう は、 プール と 違って はだか で…,名詞,,en,プール	1: (swimming) pool; ()  2: pool (billiards); 3: pool (together),,,,,,
入れる,…この おしゃれな ふろ に 入れる そうです。,動詞,,en,"v.  (Hira=いれる) put in, take in; bring in,",,,,,,
ふろ,…日 まで この おしゃれな ふろ に 入れる そうです。,名詞,,en,bath,,,,,,
イベント,…ため に 行って いる イベント です。,名詞,,en,"n.  event, occurrence, happening; competition, contest",,,,,,
せんでん,…会社 が しょうひん を せんでん する ため に 行って…,名詞,,en,Annihilation,,,,,,
け,これ は、 け しょうひん の 会社 が…,名詞,,en,Over,,,,,,
なが,に なが わ らしい デザイン です。,,,en,length,,,,,,
なりました,…月 に なりました。,,,en,"v.  (Kanji=為る,成る) consist, become, be composed of, be made up of",en,became,,,,
する,…お客様 と 話し を する 時 幸せに 感じます。,動詞,,en,do; try; play; practice; cost; elapse; reach to,en,to do,en,"する
1. to do; to perform​
2. to cause to become; to make (into); to turn (into)​
3. to serve as; to act as; to work as​
4. to wear
5. to view as being; to think of as; to treat as; to use as​
6. to decide on; to choose​
7. to be sensed
8. to be",,
デザイン,…が ふつうの せんとう の デザイン を する こと に…,名詞,,en,"n.  design, plan; sketch, diagram; model; evil scheme",,,,,,
会社,…銀行 に 行って から、 会社 に 来てください。,名詞,,en,company かいしゃ,,,,,,
しょうひん,これ は、 け しょうひん の 会社 が しょうひん…,名詞,,en,Product,,,,,,
せんとう,おしゃれな せんとう に なりました。,名詞,,en,Bath house,en,head; lead; vanguard; first​,,,,
おしゃれな,おしゃれな せんとう に なりました。,形容詞,おしゃれだ,en,"お洒落(な)- smartly dressed, dressed nicely, dressed meticulously",en,"smartly dressed, stylish, fashion-conscious",,,,
しゃしん,…わ と いう 有名な しゃしん か が います。,名詞,,en,Photo,,,,,,
かくち,…東京 マラソン は、 せかい かくち から ランナー が 参加…,名詞,,en,各地 every place,,,,,,
せかい,…の 東京 マラソン は、 せかい かくち から ランナー が…,名詞,,en,"n. (Kanji=世界) world, society, universe",,,,,,
今回,今回 の 東京 マラソン は、…,名詞,,en,"(こんかい) this time, on this occasion, on this opportunity, now, lately",,,,,,
見えません,つかれて いる よう に 見えません ね。,,,en,I can not see,,,,,,
つかれて,つかれて いる よう に 見えません…,,,en,疲れる (つかれる) 1: to get tired; to tire; 2: to be worn out (e.g. of well used objects); 3: (Archaism) to starve,,,,,,
おわりました,…42 k を 走り おわりました。,,,en,polite past form of おわる (終わる): to end; to come to an end; to close; to finish,,,,,,
ぶじに,最後 まで ぶじに 走れる と いい です…,形容詞,ぶじだ,en,無事に adv. 1. safely; peacefully; quietly; without problems​,en,無事に adv. 1. safely; peacefully; quietly; without problems,,,,
くれました,…の ように 説明 して くれました。,,,en,"give, let one have; be given; for me",,,,,,
ふって,…顔 で 手 を ふって くれました。,動詞,ふる,en,"futte - (Kanji=振る) wave, shake, swing, waggle, move back and forth,",,,,,,
手,…街 の 真ん中 で 手 を つないで 空 を…,名詞,,en,"n.  (Hira=て) hand, help; worker; trick; skill;",,,,,,
顔,え 顔 で 手 を ふって…,名詞,,en,"(Hira=かお) face, appearance",,,,,,
やっと,…メートル の ばしょ で やっと なっちゃん を 見つけました。,副詞,,en,at last,,,,,,
見つかりません,…なっちゃん を 待ちました が 見つかりません でした。,,,en,見つかる みつかる to be found; to be discovered,,,,,,
待ちました,…ばしょ で なっちゃん を 待ちました が 見つかりません でした。,,,en,I waited,,,,,,
キロ メートル,8 キロ メートル の ばしょ で なっちゃん…,,,en,Kilometers,,,,,,
メートル,今 から 42 キロ メートル を 走り はじめる ところ…,名詞,,en,"n.  meter, basic unit of length in the metric system, one hundred centimeters, 39.37 inches",,,,,,
キロ,今 から 42 キロ メートル を 走り はじめる…,名詞,,en,"kilogram, kilometer",,,,,,
ばしょ,8 キロ メートル の ばしょ で なっちゃん を 待ちました…,名詞,,en,n.  (Kanji=場所) place,,,,,,
なっちゃん,じつは、 友だち の なっちゃん が 参加 しました。,,,en,Nacchan,,,,,,
大変です,…なっちゃん を 見つける は、 大変です。,形容詞,大変だ,en,"adj.  (Hira=たいへんな) awful, terrible, dreadful, horrible; hard, difficult",,,,,,
見つける,…いる ので なっちゃん を 見つける は、 大変です。,動詞,,en,"v. (Hira=みつける) find out, discover, gain knowledge; locate, sight",,,,,,
楽しみです,楽しみです。,形容詞,楽しみだ,en,"【たのしみ】 (adj-na,n) (1) enjoyment; pleasure; diversion; amusement; hobby; (2) (See 楽しみにする) anticipation; looking forward to;",,,,,,
走れる,最後 まで ぶじに 走れる と いい です ね。,動詞,,en,（はしる） 1: to run; 2: to travel (movement of vehicles); 3: to hurry to; 4: to retreat (from battle); to take flight; 5: to run away from home; 6: to elope; 7: to tend heavily toward,,,,,,
最後,最後 まで ぶじに 走れる と…,名詞,,en,adj.  (Hira=さいご) last,en,"adj.  (Hira=さいご) last, final, ultimate",,,,
はじめる,…キロ メートル を 走り はじめる ところ です。,動詞,,en,"to start, begin",,,,,,
走り,…42 キロ メートル を 走り はじめる ところ です。,動詞,走る,en,"n.  (Hira=はしり) running, act of jogging or moving quickly;",,,,,,
じょう,…で、 いろいろなたいかい に 出 じょう して います。,名詞,,en,pill/tablet,,,,,,
出,…しゅみ で、 いろいろなたいかい に 出 じょう して います。,動詞,出す,en,to go out,,,,,,
いろいろなたいかい,マラソン が しゅみ で、 いろいろなたいかい に 出 じょう して…,,,en,various kinds,,,,,,
しゅみ,マラソン が しゅみ で、 いろいろなたいかい に 出…,名詞,,en,Hobby,,,,,,
しました,…の クラス で 勉強 しました。,,,en,I did,,,,,,
参加,…友だち の なっちゃん が 参加 しました。,名詞,,es,Participation,,,,,,
じつは,じつは、 友だち の なっちゃん が…,副詞,,en,"adv.  (Kanji=実は) as a matter of fact, in fact, to tell the truth",,,,,,
目,…です が、 両親 の 目 から 見る と いつまでも…,名詞,,en,"(Hira=め) eye,",,,,,,
回,…は、 今年 で 10 回 目 に なりました。,名詞,,en,[Kai]  (Hira=かい) number of times identifier,,,,,,
今年,…年 に 始まったたいかい は、 今年 で 10 回 目…,名詞,,en,"n.  (Hira=ことし) this year, the present year, during this year",,,,,,
始まったたいかい,2007 年 に 始まったたいかい は、 今年 で 10…,,,en,it started,,,,,,
年,…なる に は、 普通 １０ 年 の 修行 が 必要…,名詞,,en,year(s),en,(toshi) counter of years,,,,
行わ,昨日、 東京 マラソン が 行わ れました。,動詞,行う,en,v. (Hira=おこなわれる) to be done; to be practiced; to be practised; to take place; to be held; to be prevalent; to be in fashion; to be in vogue; to be current; to come into use,,,,,,
マラソン,昨日、 東京 マラソン が 行わ れました。,名詞,,en,Marathon,,,,,,
東京,東京 マラソン...( n4) TOKYO Marathon,名詞,,en,Tokyo　とうきょう,,,,,,
屋,…たけん の 有名な ラーメン 屋「 龍 上海 りゅうし ゃん…,名詞,,en,shop や,en,"(や) Shop, somebody who sells (something). 本屋 = Shop who sells books",en,や (something) shop​; somebody who sells (something) or works as (something)​; somebody with a (certain) personality trait​; house; roof​,,
たくさん,マイク は たくさん の 友好的 な 人たち…,副詞,,en,"adv.  (Kanji=沢山) much, a great deal",,,,,,
も,クオン さん も 手伝って ください。,助詞,,en,too; also; in addition; as well; (not) either (in a negative sentence) [particle]  mo,,,,,,
ヨーロッパ,あと ヨーロッパ、 イギリス と ヨーロッパ の…,名詞,,en,"n. (Kanji=欧羅巴) Europe, one of the seven continents",,,,,,
スープ,…味 の のうこうな な スープ が、 パスタ の カルボナーラ…,名詞,,en,soup,,,,,,
のうこうな,…ん こつ 味 の のうこうな な スープ が、 パスタ…,形容詞,のうこうだ,en,No way,,,,,,
こつ,と ん こつ 味 の のうこうな な…,名詞,,en,"n. (Kanji=骨) knack, adroitness, talent, flair, aptitude, forte",,,,,,
店,その お 店 は どこ です か?…,名詞,,en,shop　みせ,en,"みせ shop, store",en,"n. (Hira=みせ) shop, store; establishment; number of stores identifier",en,store
ある,…を 出す こと が ある、 と いう こと を…,連体詞,,en,aru: there is/are; to exist,en,"dict. form of ある（在る to exist | 有る to possess ）
1. to be (usu. of inanimate objects), to exist;  to live (Usually written using kana alone.) / 
2. to have / 
3. to be located / 
4. to be equipped with / 
5. to happen, to come about.",,,,
人気,イタリア で 人気 が ある お 店…,名詞,,en,Popularity,,,,,,
イタリア,イタリア 人 の シェフ が…,名詞,,en,Italy,,,,,,
なかなか,めん が 太い ので なかなか さめ ない ん です。,副詞,,en,Adverb ~ なかなか not at all; hardly,,,,,,
とくちょう,…が 太い の が とくちょう です。,名詞,,en,feature; trait; characteristic;,,,,,,
太い,…味 で めん が 太い の が とくちょう です。,形容詞,,en,"ふとい - fat, thick",,,,,,
めん,しょう油 味 で めん が 太い の が…,名詞,,en,麺 めん noodles,,,,,,
味,しょう油 味 で めん が 太い…,名詞,,en,"あじ flavor, taste",,,,,,
しょう油,しょう油 味 で めん が…,名詞,,en,Soy sauce,,,,,,
たてもの,…写真 の ようです が たてもの の 中 の 写真…,名詞,,en,Building,,,,,,
まちなみ,…年 代 の 古い まちなみ を 再現 して あります。,名詞,,en,"みちなみ　streets of houses, and stuff",,,,,,
ようです,外 の 写真 の ようです が たてもの の 中…,助動詞,ようだ,en,"ような adj. (Kanji=様な) like, such as, as an example of",,,,,,
あります,…か お 休み が あります。,,,en,"to have, is there inanimte polite",,,,,,
全部,全部 で 8 つ の…,副詞,,en,all; entire; whole,,,,,,
食べられます,…でも 美味しい ラーメン が 食べられます。,,,en,to be able to eat,,,,,,
美味しい,どの 店 でも 美味しい ラーメン が 食べられます。,形容詞,,en,(Hira=おいしい) delicious,,,,,,
見て,素人 から 見て も、3 つ も 頭…,動詞,見る,en,みて to see,,,,,,
どの,どの 店 でも 美味しい ラーメン…,指示詞,,en,Which,,,,,,
みる,よく 見て みる と 小さな ラーメン 屋…,動詞,,en,見る to see; to look; to watch; to view; to observe,,,,,,
並んで,…小さな ラーメン 屋 が 並んで います。,動詞,並ぶ,en,"【ならぶ】 (v5b,vi) (1) to line up",,,,,,
入りました,…ゃん は い」 へ 入りました。,,,en,It has entered,,,,,,
へ,ところが、 先生 の お宅 へ 行った 時、 先生 の…,助詞,,en,to (indicates direction or goal); sorrounding area,en,to (indicates direction or goal),,,,
ゃん,…屋「 龍 上海 りゅうし ゃん は い」 へ 入りました。,感動詞,,en,Nyan,,,,,,
りゅうし,…ラーメン 屋「 龍 上海 りゅうし ゃん は い」 へ…,名詞,,en,Ryu,,,,,,
龍,…の 有名な ラーメン 屋「 龍 上海 りゅうし ゃん は…,名詞,,en,りゅう - dragon (esp. a Chinese dragon),,,,,,
有名な,…やま が たけん の 有名な ラーメン 屋「 龍 上海…,形容詞,有名だ,en,"adj.  (Hira=ゆうめいな) famous, illustrious, renowned",,,,,,
たけん,寒い ので やま が たけん の 有名な ラーメン 屋「…,名詞,,en,他県: another prefecture; other prefectures,,,,,,
やま,寒い ので やま が たけん の 有名な…,名詞,,en,"(Alt=さん, Kanji=山) mountain,",,,,,,
寒い,寒い ので やま が たけん…,形容詞,,en,"adj.  (Hira=さむい) cold, chilly, low temperature, frigidity",,,,,,
外,外 の 写真 の ようです…,名詞,,en,n.  (Hira=そと) outside / ほか,,,,,,
はくぶつ,…と 言って も 本当の はくぶつ 館 じゃ ありません。,名詞,,en,Natural history,,,,,,
本当の,…館 と 言って も 本当の はくぶつ 館 じゃ ありません。,形容詞,本当だ,en,"(Hira=ほんとうの) true, real",,,,,,
はま,…が わけ ん よこ はま に ある「 ラーメン はくぶつ…,名詞,,en,"Kanji=浜) beach, seashore, shore",,,,,,
よこ,かな が わけ ん よこ はま に ある「 ラーメン…,名詞,,en,beside; aside; next to;,,,,,,
わけ,かな が わけ ん よこ はま に…,助動詞,わけだ,en,"conclusion from reasoning, judgement or calculation based on something read or heard; reason; cause; meaning; circumstances; situation​",,,,,,
かな,かな が わけ ん よこ…,名詞,,en,Wonder,,,,,,
ため息,…挑戦 から 生まれた 傑作 ため息 が 出る ほど カワイイ「…,名詞,,en,sigh,,,,,,
真ん中,…もし あの 街 の 真ん中 で 手 を つないで…,名詞,,en,"n. (Hira=まんなか) middle, centre, center, midst",,,,,,
思い出,中学生 の こと の 思い出,名詞,,en,"n. (Hira=おもいで) memories, remembrance,",,,,,,
お茶,…人 は 何も 言わないで お茶 や ケーキ を 出す…,名詞,,en,"green tea, tea",,,,,,
と,…明日 の 朝、 市役所 と 銀行 に 行って から、…,助詞,,en,"if; when; and; with; particle used for quoting (with speech, thoughts, etc.); quoting particle​",,,,,,
勤めて,…会社 の ほう に 勤めて い ら した んです…,動詞,勤める,en,"v.  (Hira=つとめる) serve, work; exert oneself, endeavor; be diligent; play",,,,,,
貿易,…今 まで は 主に 貿易 会社 の ほう に…,名詞,,en,Trade,,,,,,
主に,…その後、 今 まで は 主に 貿易 会社 の ほう…,形容詞,主だ,en,"mainly, primarily, chiefly, principally",,,,,,
修士,F: 修士 です。,名詞,,en,master's degree program,,,,,,
なん,…の 勉強 の、 その なん と いい ます か、…,名詞,,en,what,,,,,,
ほう,…UBC の 本館 の ほう で 農業 経済 です…,感動詞,,en,"1. direction; way; side; area (in a particular direction)
2. side (of an argument, etc.); one's part
3. type; category
4. field (of study, etc.)
5. indicates one side of a comparison
6. way; method; manner; means
7. length (of each side of a square)",,,,,,
経済,…の ほう で 農業 経済 です ね、,名詞,,en,economy,,,,,,
農業,…本館 の ほう で 農業 経済 です ね、,名詞,,en,agriculture,,,,,,
で,銀行 で 口座 を 開きます,接続詞,,en,indicates location/time/means of action; at; in; by,,,,,,
本館,…あと は UBC の 本館 の ほう で 農業…,名詞,,en,"main building, most important building",,,,,,
カナダ,…ね、 ふみこ さん の、 カナダ へ 来て、 英語 の…,名詞,,en,Canada,,,,,,
前回,S: あの ー、 前回 は です ね、 ふみこ…,名詞,,en,last time,,,,,,
そういう,…ある よ、 と か、 そういう 日ごろ の 暮らし の…,指示詞,,en,"(Kanji=然ういう) such, like that, very, similar to that",,,,,,
られる,…の 中 で 見 られる ような こと に ついて…,接尾辞,,en,rareru: aux. positive auxiliary word: can,,,,,,
ような,…中 で 見 られる ような こと に ついて お…,助動詞,ようだ,en,"such as, similar to, like that",,,,,,
ましょう,…に ついて お 話し ましょう か。,接尾辞,ます,en,let's,,,,,,
は,彼 は 都合 が 悪い と 言って いる が 、 それ は 口実 で しか ない 。,,,en,topic marker particle,,,,,,
あんまり,…日本 の こと を あんまり よく 知ら ない 外国…,副詞,,en,too much; excessively; overly,,,,,,
知ら,…こと を あんまり よく 知ら ない 外国 の 人…,知る,動詞,en,知る 【しる】 to know; to understand; to be acquainted with; to feel;,,,,,,
上がり,…月 から 小学校 に 上がり ます ね。,動詞,上がる,en,"上がる v. (Hira=あがる) rise, go up, climb up; advance; be promoted, absorb; be finished",,,,,,
死ぬ,どんな 素晴らしい 人 でも 死ぬ とき は 一 人…,動詞,,en,die,,,,,,
大きく,人 が はいれる ほど 大きく なかった。,形容詞,大きい,en,"おおきく - in a big way, on a grand scale",,,,,,
はいれる,人 が はいれる ほど 大きく なかった。,動詞,,en,Capable of seating,,,,,,
人,お 二 人 に お 会い できて…,名詞,,en,"man, person, human being, mankind, people",,,,,,
すきま,…岩 の ほんの 小さな すきま で しか なかった。,名詞,,en,隙間 すきま	crevice; crack; gap; opening,,,,,,
小さな,…黒い 岩 の ほんの 小さな すきま で しか なかった。,連体詞,,en,"adj.  (Hira=ちいさな) small, tiny, little, pocket size",,,,,,
ほんの,…は、 黒い 岩 の ほんの 小さな すきま で しか…,連体詞,,en,only,,,,,,
岩,窓 は、 黒い 岩 の ほんの 小さな すきま…,名詞,,en,"rock, stone",,,,,,
窓,窓 は、 黒い 岩 の…,名詞,,en,window,,,,,,
いつまでも,…目 から 見る と いつまでも 子供 で しか ない。,副詞,,en,"いつまでも adv. eternally, without end, forever; constantly",,,,,,
見る,…両親 の 目 から 見る と いつまでも 子供 で…,動詞,,en,(Hira=みる) see,,,,,,
両親,…は 社長 です が、 両親 の 目 から 見る…,名詞,,en,"n.  (Hira=りょうしん) parents, both parents",,,,,,
口実,…いる が、 それ は 口実 で しか ない。,名詞,,en,こうじつ excuse,,,,,,
悪い,彼 は 都合 が 悪い と 言って いる が、…,形容詞,,en,"(Hira=わるい) bad, wrong; hateful, detestable, loathsome; inferior",,,,,,
都合,彼 は 都合 が 悪い と 言って…,副詞,,en,circumstances; condition; convenience,,,,,,
見,…たくさん の コンピューター を 見 ます。,動詞,見る,en,"みる (v1,vt,uk) to see; to look; to watch;",,,,,,
話し合おう,もう 一 度 話し合おう で は ない か。,動詞,話し合う,en,はなしあう to discuss; to talk together,,,,,,
もう,…するって いう の は、 もう お 金 が ない…,副詞,,en,"Mo-o - another (adj.), already, more, again (adv.)",,,,,,
やろう,…やる の か、 教えて やろう じゃ ない か。,動詞,やる,en,let's do,,,,,,
やる,どう やる の か、 教えて やろう…,動詞,,en,[yaru]  (Kanji=遣る) do;,,,,,,
では,…に ついて、 真剣に 考えよう では ありません か。,接続詞,,en,"interj.  then; well, so; alright; O.K.",,,,,,
考えよう,…問題 に ついて、 真剣に 考えよう では ありません か。,考える,動詞,en,"n. (Hira=かんがえ) thinking, thought, act of forming ideas, act of conceiving in the mind, idea",,,,,,
真剣に,…の 問題 に ついて、 真剣に 考えよう では ありません か。,形容詞,真剣だ,en,seriously,,,,,,
汚染,環境 汚染 の 問題 に ついて、…,名詞,,en,"(Hira=おせん) pollution, contamination, something which contaminates  (Hira=おせんする) contaminate, pollute, make impure",,,,,,
環境,環境 汚染 の 問題 に…,名詞,,en,"かんきょう environment,",,,,,,
ようじゃ,さて、 お茶 に し ようじゃ ない か。,助動詞,ようだ,en,Seems like,,,,,,
じゃ,…でも 見 に 行こう じゃ ない か。,感動詞,,en,"Well, therefore, then (like dewa)",,,,,,
いないで,家 に ばかり いないで 映画 でも 見 に…,,,en,Not,,,,,,
ばかり,家 に ばかり いないで 映画 でも 見…,助動詞,ばかりだ,en,"adv.  approximately, nearly; just, only, merely",,,,,,
家,…金 を 貯 め、 家 に いる こと に…,名詞,,en,"[Ie] (Hira=いえ,うち,け) house, home,",,,,,,
つくろう,ともに 新しい 世界 を つくろう で は ない か。,動詞,つくる,en,to mend; to repair; to fix; to patch up; to darn; to tidy up; to adjust; to trim,,,,,,
ともに,ともに 新しい 世界 を つくろう…,副詞,,en,together with　～と共に,,,,,,
語,…に ダスティン は フランス 語 が 話せません。,名詞,,en,"(Hira=ご) language, body of spoken or written words with which people communicate",,,,,,
頑張ろう,…に つける ため に 頑張ろう で は ない か。,動詞,頑張る,en,"v. (Hira=がんばる) persist, hold out, insist on, stand firm",,,,,,
だいがく,わたし は だいがく の と しょかん で…,名詞,,en,daigaku - university (Kanji=大学),,,,,,
だけ,あの カップル は 男の子 だけ い ます が、 私…,助詞,,en,only,,,,,,
そこ,彼女 は そこ で の 音楽 フェスティバル…,指示詞,,en,n.  that place,,,,,,
その,…ます が、 実は、 あまり その こと を 知り ませ…,指示詞,,en,That,,,,,,
たく,…が、 一生懸命 は 働き たく ない です。,たい,接尾辞,en,たくない to not want,,,,,,
だったり,それ が 本 だったり、 映画 だったり、 オーディオ ブック…,だ,判定詞,en,たり form of for nouns and na-adjectives?,,,,,,
取れ,…来て、 じゃがいも が あまり 取れ ませ ん でした。,動詞,取れる,en,"v.  (Hira=とる) take, pick up, hull, seize, get, gain, acquire",,,,,,
じゃがいも,…たくさんの 台風 が 来て、 じゃがいも が あまり 取れ ませ…,名詞,,en,potato,,,,,,
台風,去年、 北海道 に たくさんの 台風 が 来て、 じゃがいも が…,名詞,,en,"n.  (Hira=たいふう) typhoon, tropical cyclone or hurricane in the region of the western Pacific Ocean and the China seas, violent storm in India",,,,,,
北海道,去年、 北海道 に たくさんの 台風 が…,名詞,,en,ほっかいどう 	Hokkaido (northernmost of the four main islands of Japan),,,,,,
研究,…理由（3） シニア 生活 文化 研究 所 所長 小谷 みどり…,名詞,,en,"study, research",,,,,,
文化,…学ぶ 理由（3） シニア 生活 文化 研究 所 所長 小谷…,名詞,,en,culture,,,,,,
シニア,…死 を 学ぶ 理由（3） シニア 生活 文化 研究 所…,名詞,,en,"n. senior, student in his final year at a school or university; person of higher rank; older person, elder; senior citizen",,,,,,
学ぶ,…最終 楽章・ 死 を 学ぶ 理由（3） シニア 生活 文化…,動詞,,en,"(Hira=まなぶ) learn, acquire knowledge; realize; be aware; discover; acquire; memor",,,,,,
死,それぞれ の 最終 楽章・ 死 を 学ぶ 理由（3） シニア…,名詞,,en,death,,,,,,
楽章,それぞれ の 最終 楽章・ 死 を 学ぶ 理由（3）…,名詞,,en,"n. (Hira=がくしょう) movement, musical piece",,,,,,
最終,それぞれ の 最終 楽章・ 死 を 学ぶ…,名詞,,en,"last, final",,,,,,
それぞれ,それぞれ の 最終 楽章・ 死…,副詞,,en,Each,,,,,,
小,いや、 実 は さっき 小 耳 に 挟んだ ん…,名詞,,en,small,,,,,,
耳,…実 は さっき 小 耳 に 挟んだ ん だ…,名詞,,zh-tw,ear; hearing; edge,,,,,,
実,いや、 実 は さっき 小 耳…,名詞,,en,actually,,,,,,
いや,いや、 実 は さっき 小…,感動詞,,en,no (disagree),,,,,,
辞める,高橋 さん が 会社 辞める 話？,動詞,,en,"retire, resign",,,,,,
高橋,高橋 さん が 会社 辞める…,名詞,,en,"高橋 たかはし	Takahashi (place, family name)",,,,,,
聞いちゃった,すっごい 話、 聞いちゃった。,,,en,I heard,,,,,,
すっごい,すっごい 話、 聞いちゃった。,,,en,terrible; amazing,,,,,,
うわさ 話,【 うわさ 話】 ねぇ ねぇ、 聞いて 聞いて。,,,en,(うわさばなし) gossip,,,,,,
うわさ,【 うわさ 話】 ねぇ ねぇ、 聞いて…,名詞,,en,Rumor,,,,,,
開けて,じゃあ、 開けて くださる？,動詞,開ける,en,Open,,,,,,
飲もう,ねえ ねえ、 ワイン も 飲もう か。,動詞,飲む,en,Let's drink,,,,,,
ねえ,ねえ ねえ、 ワイン も 飲もう か。,感動詞,,en,"interj. look, look at that",,,,,,
こよう,温めて こよう か。,名詞,,en,"n. (Kanji=孤) loneliness, solitude, remoteness",,,,,,
温めて,温めて こよう か。,動詞,温める,en,to warm; to heat,,,,,,
くれる,…の 料理、 ちょっと 取り分けて くれる。,動詞,,en,be given,,,,,,
取り分けて,そこ の 料理、 ちょっと 取り分けて くれる。,動詞,取り分ける,en,とりわける　to distribute; to apportion; to divide​,,,,,,
ちょっと,そこ の 料理、 ちょっと 取り分けて くれる。,副詞,,en,"just, at this moment",,,,,,
上手,…は 本当に 料理 が 上手 だ ね。,形容詞,上手だ,en,Proficient,,,,,,
料理,マイク は レストラン で 料理 を して います。,名詞,,en,"cooking / cuisine, to handle",,,,,,
本当に,君 は 本当に 料理 が 上手 だ…,形容詞,本当だ,en,"(Hira: ほんとう - に) Really, truly, sincerely",,,,,,
もらった,…うん、 お母さん に 教えて もらった レシピ で 作って いる…,動詞,もらう,en,"received, もらうfrom  (Kanji=貰う) receive, get",,,,,,
うん,う うん、 お母さん に 教えて もらった…,感動詞,,en,yep,,,,,,
レシピ,レシピ は 自分 で 考えた…,名詞,,en,Recipe,,,,,,
おいしそう,へえ、 おいしそう だ ね。,,,en,looks delicious,,,,,,
どう,…みた ん だ けど、 どう かしら。,指示詞,,en,How about?/How was?,,,,,,
かしら,…ん だ けど、 どう かしら。,名詞,,en,"[Kashira] かしら may, I wonder (for female); kana -- male",,,,,,
だ,…を 作って みた ん だ けど、 どう かしら。,名詞,,en,be; is,,,,,,
みた,…南蛮 漬け を 作って みた ん だ けど、 どう…,動詞,みる,en,"v. (Kanji=見る) to see, try",,,,,,
作って,…の 南蛮 漬け を 作って みた ん だ けど、…,動詞,作る,en,"v. (Alt=造る, Hira=つくる) make, create, manufacture, fabricate; prepare; draw up, write; compose; build; coin; cultivate; organize, establish; make up, model",,,,,,
漬け,さっき アジ の 南蛮 漬け を 作って みた ん…,動詞,漬ける,en,overflow; pickled,,,,,,
南蛮,さっき アジ の 南蛮 漬け を 作って みた…,名詞,,en,. (Hira=なんばん) southern Barbarians; red pepper,,,,,,
さっき,さっき アジ の 南蛮 漬け…,副詞,,en,A little while ago,,,,,,
夕飯,今日 の 夕飯、 何 に する の？,名詞,,en,ゆうはん evening meal,,,,,,
ダイニング,【 ダイニング で】,名詞,,en,dining room,,,,,,
さて,さて、 マリア の 友達、 ポール…,接続詞,,en,Now,,,,,,
でしょう,…する 前 に 出る でしょう。,助動詞,だろう,en,"deshou polite form of darou. As sentence ending: (I) think, (I) guess,",,,,,,
出る,…終了 する 前 に 出る でしょう。,動詞,,en,"v. (Hira=でる) appear, come forth; leave, depart",,,,,,
前,…バス が 終了 する 前 に 出る でしょう。,接頭辞,,en,"まえ, さき (n,adj-no,n-suf,pref) previous; prior; former; some time ago;",,,,,,
ら,彼 ら は そこ で の…,接尾辞,,en,"等 【ら】 (suf) (1) pluralizing suffix (often humble, derogatory or familiar); and others; and the like; and followers (2) (See あちら, いくら) or so (rough indicator of direction, location, amount, etc) (3) (after the stem of an adjective) nominalizing suffix",,,,,,
次回,次回、 彼女 は バス が…,名詞,,en,next time,,,,,,
思えます,…と 動いて いる ように 思えます。,,,en,"v.  (Hira=おもえる) seem, appear likely, look like",,,,,,
動いて,とても ゆっくり と 動いて いる ように 思えます。,動詞,動く,en,"動く v. (Hira=うごく) move, shift, stir, shake, swing, waver, fluctuate, operate, run, work, be influenced, vary, change, be transferred, budge",,,,,,
ゆっくり,とても ゆっくり と 動いて いる ように…,副詞,,en,slowly,,,,,,
くる,…に 車 が 近づいて くる 様子 を 見ました。,動詞,くるむ,en,"(Kanji=来る) come, arrive; be due; become",,,,,,
見ました,…近づいて くる 様子 を 見ました。,,,en,watched (見る = みる see),,,,,,
様子,…車 が 近づいて くる 様子 を 見ました。,名詞,,en,"aspect, state, appearance",,,,,,
近づいて,…画面 に 車 が 近づいて くる 様子 を 見ました。,動詞,近づく,en,"近づく v. (Hira=ちかづく) approach, come near to",,,,,,
画面,彼女 は 携帯 の 画面 に 車 が 近づいて…,名詞,,en,screen; display; picture;,,,,,,
立ち去ろう,…と いう 人々 が 立ち去ろう と して います。,動詞,立ち去る,en,to leave; to depart,,,,,,
人々,…何 百 と いう 人々 が 立ち去ろう と して…,名詞,,en,"ひとびと people, human beings, persons",,,,,,
願って,…が 安全である こと を 願って います。,動詞,願う,en,"desire, wish; request, petition for; beg, implore; hope",,,,,,
安全である,…ありません が、 それ が 安全である こと を 願って います。,形容詞,安全だ,en,be safe,,,,,,
使った,…ウーバー を 今 まで 使った こと が ありません が、…,動詞,使う,en,"v.  (Hira=つかう) use, handle, manipulate; employ; expend, spend; consume",,,,,,
まで,…は ウーバー を 今 まで 使った こと が ありません…,助詞,,en,"to, toward; for; until, up to",,,,,,
依頼,…ウーバー の ドライバー を 依頼 しました。,名詞,,en,"asking, request",,,,,,
百,…終了 し、 一度に 何 百 と いう 人々 が…,名詞,,en,"n.  (Hira=ひゃく) hundred, number 100",,,,,,
一度に,…バス は 終了 し、 一度に 何 百 と いう…,副詞,,en,"at one time, once; at the same time",,,,,,
終了,今、 バス は 終了 し、 一度に 何 百…,名詞,,en,"close, end",,,,,,
彼女,彼女 は 女の子 です。,名詞,,en,かのじょ　　(1) she; (2) girl friend; girlfriend; sweetheart;,,,,,,
終わりました,…思った 以上 に 遅く 終わりました。,,,en,"n.  (Hira=おわり) termination, close, end, completion, conclusion   終わる v. (Hira=おわる) finish, end, be terminated, bring to an end",,,,,,
遅く,…が 思った 以上 に 遅く 終わりました。,副詞,,en,"late, slowly",,,,,,
以上,…が、 彼女 が 思った 以上 に 遅く 終わりました。,副詞,,en,"more, additional amount",,,,,,
思った,…行きました が、 彼女 が 思った 以上 に 遅く 終わりました。,思う,動詞,en,"think, feel",,,,,,
行きました,…の 音楽 フェスティバル に 行きました が、 彼女 が 思った…,,,en,went,,,,,,
フェスティバル,…そこ で の 音楽 フェスティバル に 行きました が、 彼女…,名詞,,en,Festival,,,,,,
音楽,…は そこ で の 音楽 フェスティバル に 行きました が、…,名詞,,en,music,,,,,,
立ち往生,これ は 公園 で 立ち往生 して いる マライア の…,名詞,,en,being stranded; getting stuck,,,,,,
公園,これ は 公園 で 立ち往生 して いる…,名詞,,en,"n.  (Hira=こうえん) park, public garden",,,,,,
買い,…で その コンピューター を 買い ます。,動詞,買う,en,Buy,,,,,,
クレジット,彼女 は クレジット カード で その コンピューター…,名詞,,en,Credit,,,,,,
好き です,…キーボード そして スタイル が 好き です。,,,en,I like it,,,,,,
好き,…キーボード そして スタイル が 好き です。,形容詞,好きだ,en,"n.  (Hira=すき) like, fond",,,,,,
スタイル,…その スクリーン、 キーボード そして スタイル が 好き です。,名詞,,en,"n. style, manner, way; particular way of life",,,,,,
良い,そして 彼女 は 良い キーボード が ほしい です。,形容詞,,en,"よい 1. good; excellent; fine; nice; pleasant; agreeable​ See also いい, also いい (all senses)",,,,,,
キーボード,そして 彼女 は 良い キーボード が ほしい です。,名詞,,en,Keyboard,,,,,,
スクリーン,彼女 は 大きな スクリーン の コンピューター が ほしい…,名詞,,en,Screen,,,,,,
大きな,彼女 は 大きな スクリーン の コンピューター が…,連体詞,,en,"adj.  (Hira=おおきな) large, big, enormous",,,,,,
電気店,彼女 は 電気店 に いきます。,,,en,Electronics store,,,,,,
遅い,…の コンピューター は 古くて 遅い です。,形容詞,,en,slow; late,,,,,,
必要,…は 新しい コンピューター が 必要 です。,形容詞,必要だ,en,necessary,,,,,,
使い,…は コンピューター を たくさん 使い ます。,動詞,使う,en,"n.  (Hira=つかい)treatment, management; use, usage",,,,,,
コンピューター,A) ジャネット は コンピューター を たくさん 使い ます。,名詞,,en,computer,,,,,,
次の,はい、 次の アパート は ベッド、 テレビ…,連体詞,,en,"adj. (Hira=つぎの,じの) second, next after the first; subsequent, following, ensuing",,,,,,
付いて,…テレビ そして ストーブ が 付いて います。,動詞,付く,en,to be attached,,,,,,
高く,…最初 の アパート は 高く ありません。,形容詞,高い,en,"tall, high, expensive",,,,,,
最初,最初 の アパート は 安い…,名詞,,en,beginning,,,,,,
来年,それ で 彼 は 来年 移る こと が できる…,名詞,,en,Next year,,,,,,
決心,…貯 め よう と 決心 します。,名詞,,en,determination; resolution​,,,,,,
金 を 貯,ブラッド は もっと お 金 を 貯 め よう と 決心…,,,en,Save money,,,,,,
よう,…金 を 貯 め よう と 決心 します。,助動詞,ようだ,en,positive auxiliary word used to express the standard form in the future tense,,,,,,
テレビ,それ は ベッド、 テレビ、 そして ストーブ です。,名詞,,en,television,,,,,,
ついて,…アパート は 家具 が ついて います。,つく,動詞,en,about,,,,,,
家具,他 の アパート は 家具 が ついて います。,名詞,,en,furniture,,,,,,
他,他 の アパート は 家具…,接頭辞,,en,ほか; other,,,,,,
空っぽ,しかし それ は 古くて 空っぽ です。,形容詞,空っぽだ,en,n. (Hira=からっぽ)1. empty; vacant; hollow​,,,,,,
古くて,しかし それ は 古くて 空っぽ です。,形容詞,古い,en,old (and),,,,,,
見ます,…アパート の 写真 を 見ます。,,,en,to see; to watch,,,,,,
写真,…インターネット で アパート の 写真 を 見ます。,名詞,,en,Photo,,,,,,
インターネット,彼 は インターネット で アパート の 写真…,名詞,,en,internet,,,,,,
移りたい,…は 新しい アパート に 移りたい です。,,,en,I want to move,,,,,,
すぎます,…の アパート は 小さ すぎます。,,,en,"1. past; after​

2. too (much); over- (e.g. eating)​",,,,,,
アパート,A) ブラッド の アパート は 小さ すぎます。,名詞,,en,apartment,,,,,,
買う,私 は 食べ物 を 買う ため に お 店…,動詞,,en,"v. (Hira=かう) buy, purchase; get; appreciate; volunteer",,,,,,
働いて,…を 養う ため に 働いて い ます。,動詞,働く,en,はたらく　hataraku - to work,,,,,,
養う,彼 は、 家族 を 養う ため に 働いて い…,動詞,,en,"やしなう to maintain; support; rear (family, parents);",,,,,,
家族,彼 は、 家族 を 養う ため に…,名詞,,en,"(Hira=かぞく) family, household, people of a house",,,,,,
なり,…語 を 話せる ように なり たい から です。,なる,動詞,en,since...become,,,,,,
話せる,…は ルーマニア 語 を 話せる ように なり たい から…,動詞,,en,"v.  (Hira=はなせる) be understanding, be sensible、be able to speak",,,,,,
なぜなら,なぜなら、 私 は ルーマニア 語…,接続詞,,en,"because, the reason is, if you want to know why",,,,,,
なぜ,あなた は なぜ そんなに 一生懸命 勉強 する…,副詞,,en,"adv. (Alt=なにゆえ, Kanji=何故) why, for what reason?; for what purpose?; how, in what way?, in what manner?, by what means?; to what extent?",,,,,,
今,私 は 今、 何 を す べきです…,名詞,,en,"adv.  (Hira=いま) just now, now, at the present time; immediately, shortly",,,,,,
働く,彼 は そんなに 働く べきで は あり ませ…,動詞,,en,work,,,,,,
そんなに,彼 は そんなに 働く べきで は あり…,指示詞,,en,"sonnani: so, in this way, to such an extent",,,,,,
べきで,…は 通り で 遊ぶ べきで は あり ませ ん。,助動詞,べきだ,en,"(べき) v. must, have to, be obligated; be likely or probable",,,,,,
遊ぶ,…たち は 通り で 遊ぶ べきで は あり ませ…,動詞,,en,to play,,,,,,
べきです,…は 気 を つける べきです。,助動詞,べきだ,en,"should, must",,,,,,
つける,…たち は 気 を つける べきです。,動詞,,en,"v.  (Kanji=就ける) put, place, attach, annex",,,,,,
気,私 たち は 気 を つける べきです。,名詞,,en,"n.  (Hira=き) spirit, mood, state of mind",,,,,,
たち,私 たち は 気 を つける…,動詞,たつ,en,word marking plural of the previous word,,,,,,
私 たち,…だけ い ます が、 私 たち は 女の子 だけ 子供…,,,en,"we, us",,,,,,
野菜,私 は 野菜 を 食べる の が…,名詞,,en,vegetable,,,,,,
果物,私 は 果物 を 食べる の が…,名詞,,en,fruit,,,,,,
ランチ,…たい です か? はい、 ランチ を 食べ たい です。,名詞,,en,Lunch,,,,,,
後,…映画 は あと 15 分 後 に 始まり ます。,副詞,,en,"Hira=あと) later; aback, backwards",,,,,,
映画,その 映画 は いつ あり ます…,名詞,,en,movie,,,,,,
いつ,いつ 行き ました か?,名詞,,en,when,,,,,,
上,…通り は 丘 の 上 に あり ます。,名詞,,en,above; up; over; top,,,,,,
丘,…か? その 通り は 丘 の 上 に あり…,名詞,,en,hill; height,,,,,,
あり,…は その 通り に あり ます。,ある,動詞,en,"1. (v5r-i, vi) to be (usu. of inanimate objects); to exist; to live 
  2.  to have
  3.  to be located
  4.  to be equipped with
  5 . to happen; to come about",,,,,,
通り,その 家 は その 通り に あり ます。,動詞,通る,en,Street,en,"Way, method of doing something (identifier)",,,,
あそこ,…その お 店 は あそこ です。,指示詞,,en,"that place, over there, in that place",,,,,,
女性,彼女 は 女性 です。,名詞,,en,"じょせい woman, lady",,,,,,
男の子,あの カップル は 男の子 だけ い ます が、…,名詞,,en,(Hira=おとこのこ) boy,,,,,,
男,私 は 男 です。,名詞,,en,man,,,,,,
主人,ご 主人、 お 元気です か? 奥様、…,名詞,,en,"husband (head of the house), person in command",,,,,,
ご,ご 主人、 お 元気です か?,接頭辞,,en,honorific/polite/humble prefix,,,,,,
元気です か,お 元気です か? 元気です よ。,,,en,how are you?,,,,,,
はじめ まして,はじめ まして。,,,en,Nice to meet you,,,,,,
はじめ,はじめ まして。,動詞,はじめる,en,"hajime - beginning, start",,,,,,
名前,あなた の お 名前 は な んです か?…,名詞,,en,name (new),,,,,,
んです,…お 名前 は な んです か? 私 は スティーブン…,助動詞,んだ,en,"n desu: am, is, are (emphatic)",,,,,,
あなた,あなた の お 名前 は…,名詞,,en,you,,,,,,
はい,はい、 この マンション に 住んで…,感動詞,,en,Yes,,,,,,
分かりました,…した の か ようやく 分かりました。,,,en,I understand,,,,,,
ようやく,…びっくり した の か ようやく 分かりました。,副詞,,en,"finally, at last",,,,,,
どうして,…を 聞いて、 ジェーン は どうして 先生 の 奥さん が…,指示詞,,en,如何して why?; for what reason; how; in what way; for what purpose; what for,,,,,,
わ,…した んだ と 思う わ。,動詞,わす,en,(fem) (also used by men in Kansai dialect) (sentence end) indicates emotion or admiration,,,,,,
思う,…びっくり した んだ と 思う わ。,動詞,,en,"(Alt=想う, Hira=おもう) think, feel, deem, suppose, seem",,,,,,
ませ,…が、「 コーラ を 頂け ませ ん か？,動詞,ます,en,polite noise,,,,,,
頂け,…ジェーン が、「 コーラ を 頂け ませ ん か？,動詞,頂ける,en,いただく to receive,,,,,,
それなのに,それなのに、 ジェーン が、「 コーラ を…,接続詞,,en,"Conj. Yet, but, despite this",,,,,,
しか,…です」 の どちら か しか ない の よ。,助詞,,en,"nothing but, nothing else except for, only",,,,,,
どちら,…いいえ、 結構 です」 の どちら か しか ない の…,指示詞,,en,which,,,,,,
結構 です,…頂き ます」 か「 いいえ、 結構 です」 の どちら か しか…,,,en,No thank you,,,,,,
結構,…頂き ます」 か「 いいえ、 結構 です」 の どちら か…,副詞,,en,"Fine, I'd like difficult",,,,,,
頂き,…答え は、「 はい、 じゃあ 頂き ます」 か「 いいえ、 結構…,動詞,頂く,en,"頂く v. (Hira=いただく) receive, accept; be crowned with; live under; install; buy; take",,,,,,
答え,奥さん も ジェーン の 答え を 聞いて びっくり した…,動詞,答える,en,"(Hira=こたえる) answer, reply, respond",,,,,,
だから,だから、 答え は、「 はい、 じゃあ…,接続詞,,en,"adv.  so, therefore; for this reason; accordingly, consequently",,,,,,
意味,…と 同じ 意味 な の よ。,名詞,,en,"meaning, significance, sense",,,,,,
同じ,…と 同じ 意味 な の よ。,形容詞,同じだ,en,"(Hira=おなじ) same, identical; similar; common; uniform; changeless",,,,,,
みたいです,…は「 コーヒー が 飲 みたいです か？,助動詞,みたいだ,en,it seems that​,,,,,,
飲,…文 は「 コーヒー が 飲 みたいです か？,名詞,,en,drink,,,,,,
文,…けれど、 本当 は その 文 は「 コーヒー が 飲…,名詞,,en,"letter, writings; sentence; written language",,,,,,
本当,…選べる ように 聞こえる けれど、 本当 は その 文 は「…,形容詞,本当だ,en,"n.  (Hira=ほんとう) truth, reality, verity",,,,,,
聞こえる,…物 を 選べる ように 聞こえる けれど、 本当 は その…,動詞,,en,(Hira=きこえる) to hear,,,,,,
いかがです,…コーヒー で も いかがです か？,形容詞,いかがだ,en,如何 いかが	how; in what way; how about,,,,,,
考えた,…こと を 文字通り に 考えた の ね。,考える,動詞,en,thought,,,,,,
文字通り,…が おっしゃった こと を 文字通り に 考えた の ね。,副詞,,en,literally,,,,,,
おっしゃった,…先生 の 奥さん が おっしゃった こと を 文字通り に…,動詞,おっしゃる,en,said; spoke; told,,,,,,
奥さん,…行った 時、 先生 の 奥さん に、「 パーカー さん、 コーヒー…,名詞,,en,"(n)（おくさん）madam, respectful title used for addressing a woman; wife",,,,,,
説明,…は 次 の ように 説明 して くれました。,名詞,,en,"explanation, exposition, interpretation",,,,,,
ように,…さん は 次 の ように 説明 して くれました。,助動詞,ようだ,en,the way; as if; like,,,,,,
次,…聞いて、 よし子 さん は 次 の ように 説明 して…,名詞,,en,(つぎ)Next,,,,,,
聞きました,…を よし子 さん に 聞きました。,,,en,heard/asked,,,,,,
よし子,…から その こと を よし子 さん に 聞きました。,名詞,,en,Yoshiko,,,,,,
帰って,…と 考えて、 家 に 帰って から その こと を…,動詞,帰る,en,かえって Return (home).,,,,,,
考えて,…の か なあ」 と 考えて、 家 に 帰って から…,考える,動詞,en,"v. かんがえて - think, consider, imagine",,,,,,
なあ,…変 だった の か なあ」 と 考えて、 家 に…,感動詞,,zh-cn,"interj. I wish, would that, if",,,,,,
だった,…言った こと が 変 だった の か なあ」 と…,だ,判定詞,en,"Desu/da past tense, informal",,,,,,
変,…の 言った こと が 変 だった の か なあ」…,形容詞,変だ,en,"n.  (Hira=へん, Kata=ヘン) change, incident, disturbance",,,,,,
言った,ジェーン は、「 私 の 言った こと が 変 だった…,言う,動詞,en,"v.  (Alt=謂う,云う, Hira=いう) tell; say, remark",,,,,,
下さい,…コーラ を 持って 来て 下さい ました。,動詞,下さる,en,please　(Hira=ください),,,,,,
来て,…が、 コーラ を 持って 来て 下さい ました。,動詞,来る,en,"[kite] (Hira=くる) come, arrive;",,,,,,
ようでした,…を 聞いて びっくり した ようでした が、 コーラ を 持って…,助動詞,ようだ,en,Seemed,,,,,,
した,…答え を 聞いて びっくり した ようでした が、 コーラ を…,動詞,する,en,ending that forms the informal past tense of certain verbs; informal past tense form of する,,,,,,
聞いて,…ジェーン の 答え を 聞いて びっくり した ようでした が、…,聞く,動詞,en,"(Alt=聴く, Hira=きく) hear, listen; ask, question, query",,,,,,
言い,…と 丁寧 に 言い ました。,言う,動詞,en,Says,,,,,,
丁寧,…と 丁寧 に 言い ました。,形容詞,丁寧だ,en,Polite,,,,,,
頂けません か,コーラ を 頂けません か？,,,en,Could you please,,,,,,
飲んだ,…コーヒー を 二 杯 飲んだ んです。,動詞,飲む,en,drink,,,,,,
頂けません,コーラ を 頂けません か？,,,en,いただきます negative form,,,,,,
たかった,…冷たい 物 が 飲み たかった ので、「 あの う、 実は…,動詞,たかる,en,I wanted,,,,,,
飲み,…か 冷たい 物 が 飲み たかった ので、「 あの う、…,動詞,飲む,en,Drink,,,,,,
問題,環境 汚染 の 問題 に ついて、 真剣に 考えよう…,名詞,,en,(Hira=もんだい) problem,,,,,,
正しく,正しく 発音 できて いる の…,副詞,,en,"ただしく　right, correct",,,,,,
よく,…も この 気持ち、 とても よく わかります,副詞,,en,"often, frequently",,,,,,
僕 も この 気持ち,僕 も この 気持ち、 とても よく わかります,,,en,I feel this way too,,,,,,
この,僕 も この 気持ち、 とても よく わかります,指示詞,,en,this,,,,,,
気持ち,僕 も この 気持ち、 とても よく わかります,名詞,,en,"(Hira=きもち) temper, temperament, disposition; mood",en,きもち= feeling; sensation; mood,,,,
難しかった,難しかった です,形容詞,難しい,en,was difficult,,,,,,
とても,航空 券 代 が とても かかります。,副詞,,en,"totemo - very, extremely",en,"迚も (adv,uk) very; awfully; exceedingly; (before a negative form) (not) at all;",,,,
発音,…は、 日本 語 の 発音 が とても,名詞,,en,"(Hira=はつおん) pronunciation, enunciation, articulation",,,,,,
とって,私 に とって は、 日本 語 の…,動詞,とる,en,totte: te form of torimasu: take,,,,,,
頂きました,…に、 こんな コメント を 頂きました。,,,en,いただきます,en,We received,,,,
コメント,…の 動画 に、 こんな コメント を 頂きました。,名詞,,en,comment,,,,,,
動画,以前 の 動画 に、 こんな コメント を…,名詞,,en,video; animation,,,,,,
以前,以前 の 動画 に、 こんな…,名詞,,en,"ago, since, before, previous",,,,,,
講座,アクセント・ イントネーション の 講座 です,名詞,,en,"こうざ) lectureship, position of professor in an academic institution; chair, position of authority; course",,,,,,
イントネーション,アクセント・ イントネーション の 講座 です,名詞,,en,"n. intonation, act of intoning or chanting; rise and fall of the voice in speech; production of musical tones",,,,,,
くれ,…で は あまり 教えて くれ ない,動詞,くれる,en,to give; to let one have;,,,,,,
学校,それ は 学校 で は あまり 教えて…,名詞,,en,"がっこう　school, any institution of learning",en,school,,,,
教えて,う うん、 お母さん に 教えて もらった レシピ で 作って…,動詞,教える,en,"(Hira=おしえる) teach, inform, instruct, educate",,,,,,
思います,…を 始めて いこう と 思います,,,en,"おもい - thought, feelong, emotion, wish, hope, desire",,,,,,
いこう,…変わった こと を 始めて いこう と 思います,いく,動詞,en,"adv.  (Kanji=以降)hereafter, after this time; thereafter,",,,,,,
始めて,…新しく 変わった こと を 始めて いこう と 思います,副詞,,en,Start with,,,,,,
変わった,今日 から、 また 新しく 変わった こと を 始めて いこう…,動詞,変わる,en,"変わる　かわる To change, to transform, to be altered.",,,,,,
新しく,今日 から、 また 新しく 変わった こと を 始めて…,形容詞,新しい,en,newly,,,,,,
とう きょう,とう きょう に いながら 入れる おんせん…,,,en,Tokyo,,,,,,
よる,ま、 ニュース に よる と、 ベルファスト の シティ…,動詞,,en,"evening, night",,,,,,
空港,…に は 二 つ 空港 が あります。,名詞,,en,airport,,,,,,
ベルファスト,ベルファスト に は 二 つ…,名詞,,en,Belfast,,,,,,
belfast,…私 の 住んで いる Belfast でも、 トップ ニュース と…,名詞,,en,Belfast,,,,,,
リンク,…BBC ニュース へ の リンク を つけて おきます。,名詞,,en,"リンクする v. link, join; connect; be joined, be connected",,,,,,
キャンセル,…が、 昨日 突然 全て キャンセル です ね。,名詞,,en,Cancel,,,,,,
全て,…いました が、 昨日 突然 全て キャンセル です ね。,副詞,,en,"all, whole, total",,,,,,
突然,…飛んで いました が、 昨日 突然 全て キャンセル です ね。,副詞,,en,adj. (Hira=とつぜん) sudden,,,,,,
昨日,昨日 行き ました。,名詞,,en,yesterday,,,,,,
飛行機,…間 も、 沢山 の 飛行機 が 飛んで いました が、…,名詞,,en,airplane,,,,,,
沢山,…ヨーロッパ の 間 も、 沢山 の 飛行機 が 飛んで…,副詞,,en,Lot,,,,,,
あと,あと ヨーロッパ、 イギリス と ヨーロッパ…,副詞,,en,後 later; after; reminder; the rest of;,,,,,,
ありました,…線、 たくさんの フライト が ありました。,,,en,"to have, is there inanimte (past)",,,,,,
フライト,…国 内 線、 たくさんの フライト が ありました。,名詞,,en,Flight,,,,,,
線,…イギリス の 国 内 線、 たくさんの フライト が ありました。,名詞,,en,line,,,,,,
あって,…イングランド に 本社 が あって、 イギリス の 国 内…,ある,動詞,en,"be, exist",,,,,,
本社,…会社 は、 イングランド に 本社 が あって、 イギリス の…,名詞,,en,"headquarters, main office",,,,,,
イングランド,…と いう 会社 は、 イングランド に 本社 が あって、…,名詞,,en,England,,,,,,
なくなる,…その 会社 が 終わる、 なくなる と いう こと です。,動詞,,en,not be (anymore); to be missing; to disappear,,,,,,
終わる,…で、 その 会社 が 終わる、 なくなる と いう こと…,動詞,,en,"(Hira=おわる) finish, end, be terminated, bring to an end",,,,,,
できません,…を 続ける こと が できません、 と いう こと で、…,,,en,dekimasen: cannot,,,,,,
続ける,…これ 以上 会社 を 続ける こと が できません、 と…,動詞,,en,"(Hira=つづける) continue, go on, keep up, keep on, keep doing something",,,,,,
するって,…会社 が 潰れる、 倒産 するって いう の は、 もう…,,,en,Do,,,,,,
潰れる,潰れる、 会社 が 潰れる、 倒産…,動詞,,en,つぶれる	1: (Usually written using kana alone) to be smashed; 2: to become useless; to cease functioning; 3: to go bankrupt,,,,,,
倒産,…と いう 会社 が 倒産 した、 潰れた と いう…,名詞,,en,"(Hira=とうさん) bankruptcy, state of losing property to one's creditors due to unpaid debts, insolvency",,,,,,
エアライン,…イギリス の 航空 会社、 エアライン の Flybe と いう…,名詞,,en,Airline,,,,,,
イギリス,それ は、 イギリス の 航空 会社、 エアライン…,名詞,,en,united kingdom,,,,,,
物,…飲んで、 何 か 冷たい 物 が 飲み たかった ので、「…,名詞,,en,もの thing; object,,,,,,
冷たい,…杯 飲んで、 何 か 冷たい 物 が 飲み たかった…,形容詞,,en,"(adj-i)(つめたい) cold, chilly; icy",,,,,,
か,…二 杯 飲んで、 何 か 冷たい 物 が 飲み…,助詞,,zh-tw,"marks a question. (but only at the end, right?)",,,,,,
飲んで,…コーヒー を 二 杯 飲んで、 何 か 冷たい 物…,動詞,飲む,en,"v.  (Hira=のむ) drink, quaff, drink with large gulps, drink quickly",,,,,,
杯,…朝 コーヒー を 二 杯 飲んで、 何 か 冷たい…,名詞,,en,"はい・ばい・っぱい　counter for alcohol, cups, ships, octopuses and squid",,,,,,
びっくり,ジェーン は 少し びっくり しました。,名詞,,en,"surprised, amazed",,,,,,
少し,ジェーン は 少し びっくり しました。,副詞,,en,"(Hira=すこし) little, slightly",,,,,,
聞かれました,…と 聞かれました。,,,en,Was asked,,,,,,
いかが,…パーカー さん、 コーヒー でも いかが です か？,副詞,,en,"how, in what way?",,,,,,
パーカー,…先生 の 奥さん に、「 パーカー さん、 コーヒー でも いかが…,名詞,,en,Parker,,,,,,
時,…の お宅 へ 行った 時、 先生 の 奥さん に、「…,名詞,,en,"ji; toki. n.  (Hira=とき,じ) time, period, hour, occasion,",,,,,,
行った,…先生 の お宅 へ 行った 時、 先生 の 奥さん…,動詞,行う,en,"v.  (Hira=いく,ゆく) go, proceed, move; travel; leave; extend from one point to another; pass, elapse",,,,,,
お宅,ところが、 先生 の お宅 へ 行った 時、 先生…,名詞,,en,Your house,,,,,,
ところが,ところが、 先生 の お宅 へ…,接続詞,,en,"(conj) but, yet, however",,,,,,
出す,…お茶 や ケーキ を 出す こと が ある、 と…,動詞,,en,"v.  (Hira=だす) send; hold out; extend, reach out; expose, issue, publish; display, present; produce; pay, contribute, invest; serve; exert",,,,,,
言わないで,…の 人 は 何も 言わないで お茶 や ケーキ を…,,,en,Do not say,,,,,,
何も,…家 の 人 は 何も 言わないで お茶 や ケーキ…,副詞,,en,(Hira=なにも) nothing,,,,,,
行く,…彼 は どこ に 行く か わかりません。,動詞,,en,"v. (Hira=いく,ゆく) go, proceed, move;",,,,,,
遊び,…日本人 の 家 に 遊び に 行く と、 家…,動詞,遊ぶ,en,"(Hira=あそび) game, fun activity",,,,,,
タイミング,…が い なく なった タイミング で―,名詞,,en,Timing,,,,,,
なった,…集団 が い なく なった タイミング で―,なる,動詞,en,natta: became,,,,,,
なく,あの 集団 が い なく なった タイミング で―,ない,形容詞,en,"adj.  (Kanji=無い) absent, not present; preoccupied, cry",,,,,,
集団,あの 集団 が い なく なった…,名詞,,en,"group, mass, crowd",,,,,,
突入,突入 する,名詞,,en,Plunge,,,,,,
前方,前方 に エレベーターホール,名詞,,en,forward,,,,,,
気付か,…注意 を 引きつければ 多分 気付か れ ない,動詞,気付く,en,Notice,,,,,,
多分,…に 注意 を 引きつければ 多分 気付か れ ない,副詞,,en,"adv.  (Hira=たぶん) perhaps, maybe; possibly; could be; almost certainly, most likely, in all probability",,,,,,
引きつければ,上半身 に 注意 を 引きつければ 多分 気付か れ ない,動詞,引きつける,en,If you attract,,,,,,
注意,上半身 に 注意 を 引きつければ 多分 気付か…,名詞,,en,"caution; advice; attention, being careful; heed",,,,,,
上半身,上半身 に 注意 を 引きつければ…,名詞,,en,"n. (Hira=じょうはんしん) upper half of body, upper part of the body, topmost part of the body, shoulders and head",,,,,,
踊って,…不思議な 踊 り を 踊って―,動詞,踊る,en,dancing,,,,,,
踊,…か と 会ったら 不思議な 踊 り を 踊って―,名詞,,en,dance,,,,,,
不思議な,…誰 か と 会ったら 不思議な 踊 り を 踊って―,形容詞,不思議だ,en,mysterious,,,,,,
会ったら,…で 誰 か と 会ったら 不思議な 踊 り を…,動詞,会う,en,When I saw (met) someone,,,,,,
途中,もし 途中 で 誰 か と…,名詞,,en,"adv.  (Hira=とちゅう) on the way, soon to arrive; en route, along the way, during the journey",,,,,,
誰,もし 途中 で 誰 か と 会ったら 不思議な…,名詞,,en,"pron.  (Hira=だれ) who, some person, unspecified person, somebody",,,,,,
し,…すぐ 制服 に 着替える し,動詞,する,en,"(prt,conj) (at the end of a phrase) notes one (of several) reasons;",,,,,,
着替える,…どうせ すぐ 制服 に 着替える し,,,en,きがえる/きかえる) change one's clothes,,,,,,
制服,…烈子） 大丈夫 どうせ すぐ 制服 に 着替える し,名詞,,en,uniform,,,,,,
すぐ,…烈子） 大丈夫 どうせ すぐ 制服 に 着替える し,副詞,,en,"adv.  (Kanji=直ぐ) immediately, soon, easily; right",,,,,,
どうせ,…烈子） 大丈夫 どうせ すぐ 制服 に 着替える…,副詞,,en,"anyhow, in any case",,,,,,
大丈夫,…烈子） 大丈夫 どうせ すぐ 制服 に…,形容詞,大丈夫だ,en,"nterj. (Hira=だいじょうぶ) all right, O.K., fine, good",,,,,,
来ちゃ,サ… サンダル で 来ちゃ った,動詞,来る,en,（くる） 1: to come (spatially or temporally); to approach; to arrive; 2: to come back; to do ... and come back; 3: to come to be; to become; to get; to grow; to continue; () 4: to come from; to be caused by; to derive from; 5: to come to,,,,,,
サンダル,サ… サンダル で 来ちゃ った,名詞,,en,Sandals,,,,,,
サ,サ… サンダル で 来ちゃ った,名詞,,en,Support,,,,,,
鼻息,…豚 の 鼻息）,名詞,,es,Nasal breathing,,,,,,
豚,豚 の 鼻息）,名詞,,en,Pig,,,,,,
歯ぎしり,歯ぎしり）,名詞,,en,"n. (Hira=はぎしり) gnashing, grinding of the teeth, involuntary nocturnal tooth grinding",,,,,,
携帯,財布 持った 定期 持った 携帯 持った 忘れ物 なし！,名詞,,en,けいたい  1. something carried (in the hand); handheld; portable​  2. mobile telephone; cell phone,,,,,,
定期,財布 持った 定期 持った 携帯 持った 忘れ物…,名詞,,en,"fixed term, fixed period",,,,,,
持った,財布 持った 定期 持った 携帯 持った…,持つ,動詞,en,"持つ v. (Hira=もつ) hold, possess, carry",,,,,,
財布,財布 持った 定期 持った 携帯…,名詞,,en,"purse, wallet, billfold",,,,,,
的な,模範 的な 社会 人,的だ,接尾辞,en,"typical, characteristic",,,,,,
起きる,…数えたら 起きる,動詞,,en,"wake up, get up",,,,,,
行き,会社 行き たく ない,動詞,行く,en,go(Hira=いく),,,,,,
未来,…に 輝く 希望 あふれる 未来,名詞,,en,future,,,,,,
あふれる,…先 に 輝く 希望 あふれる 未来,動詞,,en,"v. (溢れる) flood, inundate, overflow, brim over (Alt=こぼれる)",,,,,,
希望,…進む 先 に 輝く 希望 あふれる 未来,名詞,,en,"hope, wish, aspiration",,,,,,
輝く,…の 進む 先 に 輝く 希望 あふれる 未来,動詞,,en,"shine, glitter",,,,,,
先,私 の 進む 先 に 輝く 希望 あふれる…,名詞,,en,さき a while ago; previous; former; preceding; ahead; hereafter; future;,,,,,,
進む,私 の 進む 先 に 輝く 希望…,動詞,,en,すすむ= 1: to advance; to go forward; 2: to precede; to go ahead (of); 3: to make progress; to improve; 4: to deepen; to heighten; 5: to do of one's own free will,,,,,,
出会い,新しい 土地 新しい 出会い,動詞,出会う,en,meeting; rendezvous; encounter,,,,,,
土地,新しい 土地 新しい 出会い,名詞,,en,"plot of land, lot, soil",,,,,,
新しい,新しい 土地 新しい 出会い,形容詞,,en,"adj.  (Hira=あたらしい) new, existing for the first time; modern; novel, fresh",,,,,,
始まり,…から 新 生活 が 始まり ます,動詞,始まる,en,"(Hira=はじまり) start, beginning",,,,,,
生活,…決まり 今日 から 新 生活 が 始まり ます,名詞,,en,"living, life, livelihood, lifestyle",,,,,,
決まり,…企業 に 就職 が 決まり 今日 から 新 生活…,動詞,決まる,en,settlement; conclusion; end; agreement; arrangement,,,,,,
就職,…内 の 企業 に 就職 が 決まり 今日 から…,名詞,,en,n.  (Hira=しゅうしょく) finding employment .,,,,,,
企業,都 内 の 企業 に 就職 が 決まり…,名詞,,en,"enterprise, company",,,,,,
都,都 内 の 企業 に…,名詞,,en,capital,,,,,,
内,都 内 の 企業 に 就職…,名詞,,en,"inside, interior",,,,,,
です,…歩 を 踏み出す 日 です,だ,判定詞,en,be; is,,,,,,
す,…一員 と して 記念 す べき 第 一 歩…,接頭辞,,en,To,,,,,,
記念,…の 一員 と して 記念 す べき 第 一…,名詞,,en,"commemoration, memory, tribute, memorial",,,,,,
踏み出す,…第 一 歩 を 踏み出す 日 です,動詞,,en,Step forward,,,,,,
歩,…す べき 第 一 歩 を 踏み出す 日 です,名詞,,en,ほ 	1: step; stride; 2: (Counter) counter for steps,,,,,,
第,…して 記念 す べき 第 一 歩 を 踏み出す…,接頭辞,,en,"(だい) part, number",,,,,,
一員,そして 我が 社 の 一員 と して 記念 す…,名詞,,en,"一員 n. (Hira=いちいん) person, individual human; member, individual belonging to an organization or group",,,,,,
社,そして 我が 社 の 一員 と して…,名詞,,en,"しゃ (n, n-suf, abbr) - company, association, society; counter for companies, shrines",,,,,,
我が,そして 我が 社 の 一員 と…,連体詞,,en,my,,,,,,
社会,…は 皆さん が 新 社会 人 と して―,名詞,,en,society,,,,,,
新,本日 は 皆さん が 新 社会 人 と して―,接頭辞,,en,[Shin] new,,,,,,
本日,本日 は 皆さん が 新…,名詞,,en,today,,,,,,
おめでとう,（ 社長） 入社 おめでとう ございます,感動詞,,en,congratulations,,,,,,
入社,（ 社長） 入社 おめでとう ございます,名詞,,en,にゅうしゃ entry to a company,,,,,,
社長,（ 社長） 入社 おめでとう ございます,名詞,,en,"(Hira=しゃちょう) company president, director, manager",,,,,,
ので,…番 好きな 季節 な ので、3 月 に なる と、…,助動詞,のだ,en,"since, because, in order to",,,,,,
季節,…が 一 番 好きな 季節 な ので、3 月 に…,名詞,,en,season,,,,,,
好きな,…春 が 一 番 好きな 季節 な ので、3 月…,形容詞,好きだ,en,"preferable, favorite, liked, beloved",,,,,,
番,…は、 春 が 一 番 好きな 季節 な ので、3…,名詞,,en,"(Hira=ばん) watching, guarding; number, identifying numeral (e.g. of a house); rank; turn, opportunity or responsibility for action which is given in order; match, (sumo, shogi, go) identifier",,,,,,
一,私 は、 春 が 一 番 好きな 季節 な…,名詞,,pt,"( ひと, いち  ) one",,,,,,
春,私 は、 春 が 一 番 好きな…,名詞,,en,"spring, springtime",,,,,,
ね,私 は うれしい です ね。,助詞,,en,right? / isn't it? / ok?,,,,,,
うれしい,私 は うれしい です ね。,形容詞,,en,happy,,,,,,
月,月 に なりました。,名詞,,en,"つき moon, month",,,,,,
皆さん,皆さん、 こんにちは、 のりこ です。,名詞,,,,,,,,,
感じ,…に 来て いるって いう 感じ が します。,動詞,感ずる,en,"feeling, sense",,,,,,
知り,…あまり その こと を 知り ませ ん。,知る,動詞,en,"(Hira=しる) know, be acquainted with; understand, feel",,,,,,
実は,…ように 聞こえ ます が、 実は、 あまり その こと を…,副詞,,en,"adv. (Hira=じつは) as a matter of fact, in fact, to tell the truth",,,,,,
自信,彼 は 自信 を 持って いる ように…,名詞,,en,"n. (Hira=じしん) self confidence, believing in oneself",,,,,,
働き,…です が、 一生懸命 は 働き たく ない です。,動詞,働く,en,"働く (Hira=はたらく) work, labor; do, act; commit; reduce the price; fag",,,,,,
一生懸命,…稼ぎ たい です が、 一生懸命 は 働き たく ない…,形容詞,一生懸命だ,en,"(Hira=いっしょうけんめい) with utmost effort, with all one's strength, with all one's might, as much as one could",,,,,,
稼ぎ,…は お 金 を 稼ぎ たい です が、 一生懸命…,動詞,稼ぐ,en,"n. (Hira=かせぎ) earnings, money earned, wages; profit",,,,,,
売れ ませ ん,…書き ました が、 あまり 売れ ませ ん でした。,,,en,Do not sell,,,,,,
売れ,…書き ました が、 あまり 売れ ませ ん でした。,動詞,売れる,en,v. (Hira=うる) vend; sell,,,,,,
書き,…は 素晴らしい 本 を 書き ました が、 あまり 売れ…,動詞,書く,en,write,,,,,,
本,彼 は 素晴らしい 本 を 書き ました が、…,名詞,,en,"adj. (Hira=ほん) main, principal, head, chief, book",,,,,,
素晴らしい,彼 は 素晴らしい 本 を 書き ました…,形容詞,,en,wonderful,,,,,,
言って,あなた は そう 言って いい けれど、 私 は…,言う,動詞,en,"v.  いう) tell; say, remark",,,,,,
けれど,…は そう 言って いい けれど、 私 は 信じ られ…,接続詞,,en,"conj.  but, however, yet",,,,,,
いい,あなた は そう 言って いい けれど、 私 は 信じ…,形容詞,,en,Good,,,,,,
子供,…たち は 女の子 だけ 子供 が い ます。,名詞,,en,"n.  (Hira=こども) child, children, kid, tot, infant, son; daughter",,,,,,
女の子,…が、 私 たち は 女の子 だけ 子供 が い…,名詞,,en,"(Hira=おんなのこ) girl, young female child, young female;",,,,,,
カップル,あの カップル は 男の子 だけ い…,名詞,,en,couple,,,,,,
好きで,…好きです が、 私 は 好きで は あり ませ ん。,形容詞,好きだ,en,"(Hira=すきで) like, liking",,,,,,
あり ませ ん,…私 は 好きで は あり ませ ん。,,,en,Inflection of ある - to be (inanimate) Masen-form. (Polite Negative),,,,,,
好きです,彼 は ケーキ が 好きです が、 私 は 好きで…,形容詞,好きだ,en,"likes, like　す　好く(Hira=すく) like",,,,,,
休暇 中,はい、 彼 は 休暇 中 フランス 語 を 勉強…,,,en,on vacation,,,,,,
安く,いいえ、 フランス は 安く ありません。,形容詞,安い,en,"adv. cheaply, inexpensively",,,,,,
安い,フランス は 安い です か？,形容詞,,en,"(Hira=やすい) cheap, inexpensive; peaceful, calm, tranquil; gossipy",,,,,,
いたい,ダスティン は 家 に いたい です か？,,,en,want to stay,,,,,,
フリータイム,ダスティン は 冬 に フリータイム が あります か？,名詞,,en,free time,,,,,,
め,…お 金 を 貯 め、 家 に いる こと…,名詞,,en,"め can be attached to an い-adjective stems which are expressing quantity or extent of something and adds the meaning of ""a bit"" or ""slightly.""",,,,,,
貯,…し、 お 金 を 貯 め、 家 に いる…,名詞,,en,ためる to save,,,,,,
金,…は 勉強 し、 お 金 を 貯 め、 家…,名詞,,en,"gold, metal, money",,,,,,
勉強 し,彼 は 勉強 し、 お 金 を 貯…,,,en,Study to,,,,,,
勉強,彼 は 勉強 し、 お 金 を…,名詞,,en,study,,,,,,
話せません,…は フランス 語 が 話せません。,,,en,can't speak,,,,,,
かかります,…券 代 が とても かかります。,,,en,"takes (money, a resource); costs",,,,,,
高い,しかし フランス は 高い です。,形容詞,,en,(Hira=たかい) tall; high; expensive,,,,,,
行きたい,彼 は フランス に 行きたい と 思って います。,,,en,I want to go,,,,,,
代,航空 券 代 が とても かかります。,名詞,,en,"【しろ】 (n) (1) substitution; (2) material; (3) price; (4) margin (e.g. for stapling, etc.); area required for something; (5)////【だい】 (n,n-suf) (1) charge; cost; price; (2) generation; age; reign; (3) (geological) era; (4) (after someone's name or title",,,,,,
券,航空 券 代 が とても かかります。,名詞,,en,ticket; coupon; bond; certificate,,,,,,
航空,航空 券 代 が とても…,名詞,,en,"(Hira=こうくう) aviation, flying, science of flying aircraft",,,,,,
わかりません,…どこ に 行く か わかりません。,,,en,I do not know,,,,,,
フランス,それ に ダスティン は フランス 語 が 話せません。,名詞,,en,France,,,,,,
よい,…仕事 を し なくて よい の です。,形容詞,,en,The good,,,,,,
週間,彼 は 2 週間 仕事 を し なくて…,名詞,,en,"(Hira=しゅうかん) week, week identifier",,,,,,
思って,…休暇 を とりたい と 思って います。,思う,動詞,en,"思う v. (Alt=想う, Hira=おもう) think, feel, deem, suppose, seem",,,,,,
とりたい,彼 は 休暇 を とりたい と 思って います。,,,en,I want to take,,,,,,
休暇,彼 は 休暇 を とりたい と 思って…,名詞,,en,"(Hira=きゅうか) holiday, day off; furlough, time off",,,,,,
なくて よい,…週間 仕事 を し なくて よい の です。,,,en,Not required,,,,,,
なくて,…週間 仕事 を し なくて よい の です。,ない,形容詞,en,MUST (negative auxiliary word used to express the standard form),,,,,,
彼 は,彼 は 2 週間 仕事 を し…,,,en,he,,,,,,
何 日,彼 は 冬 に 何 日 か お 休み が…,,,en,なんにち【何日】 (Expression) What day // How many days,,,,,,
何,彼 は 冬 に 何 日 か お 休み…,名詞,,en,"adj.  (Hira=なに,なん) what, word used in question to request specific information; which",,,,,,
日,…は 冬 に 何 日 か お 休み が…,名詞,,en,"n.  (Hira=ひ,にち) sun, sunshine; day",,,,,,
わくわく,…は 冬 休み で わくわく して います。,副詞,,en,tremble; get nervous; excitedly; thrilled,,,,,,
冬 休み,A) ダスティン は 冬 休み で わくわく して います。,,,en,Winter break,,,,,,
休み,A) ダスティン は 冬 休み で わくわく して います。,動詞,休む,en,Holiday,,,,,,
冬,A) ダスティン は 冬 休み で わくわく して…,名詞,,en,winter,,,,,,
ダスティン,A) ダスティン は 冬 休み で…,名詞,,en,Dustin,,,,,,
いいえ,いいえ、 マイク は 紅茶 を…,感動詞,,en,no,,,,,,
紅茶,マイク は 紅茶 を 飲みます か？,名詞,,en,n. (Hira=こうちゃ) black tea,,,,,,
早く,マイク は 朝 早く 起きます か？,形容詞,早い,en,はやく early; soon; quickly; swiftly; rapidly; fast,,,,,,
質問,質問:,名詞,,en,"(Hira=しつもん) question, query, inquiry, enquiry",,,,,,
このような,私 は このような（ この様 な） お客様 と…,指示詞,,en,"adj. such, like, such as this, like this, like that, suchlike, of any such kind",,,,,,
たくさんの,私 は たくさんの 友好的 な 人たち と…,形容詞,たくさんだ,en,"adj. (Kanji=沢山の) galore, numerous, in abundance",,,,,,
感じます,…を する 時 幸せに 感じます。,,,en,感じる 【かんじる】 (v1) to feel; to sense; to experience; (P),,,,,,
幸せに,…話し を する 時 幸せに 感じます。,形容詞,幸せだ,en,"adv. (Hira=しあわせに) happily, gladly; joyfully; fortunately",,,,,,
話し,…この様 な） お客様 と 話し を する 時 幸せに…,話す,動詞,en,"talk, speech; story; conversation",,,,,,
この様,マイク は このよう な（ この様 な） お客様 と 話し…,,,en,like this; this sort; this way (usually written using kana alone),,,,,,
このよう,マイク は このよう な（ この様 な） お客様…,,,en,like this,,,,,,
できます,…と 会う こと が できます。,,,en,be able to,,,,,,
こと,…な 人たち と 会う こと が できます。,名詞,,en,こと is often placed after dictionary form of verbs to make the verbs into nouns so we can talk about the action.,,,,,,
人たち,…たくさん の 友好的 な 人たち と 会う こと が…,,,en,"n. (Hira=ひとたち) people, human beings, persons",,,,,,
会う,…友好的 な 人たち と 会う こと が できます。,動詞,,en,(Hira=あう) to meet; to encounter,,,,,,
友好的,マイク は たくさん の 友好的 な 人たち と 会う…,,,en,"(Hira=ゆうこうてきな) friendly, kindly, welcoming, cordial, amicable",,,,,,
話します,…の 異なった 言語 で 話します。,,,en,"(v5s, vt) to talk; to speak; to converse; to chat",,,,,,
言語,…は 多く の 異なった 言語 で 話します。,名詞,,en,げんご language,,,,,,
異なった,彼ら は 多く の 異なった 言語 で 話します。,動詞,異なる,en,"ことなった different, not the same; unusual",,,,,,
彼ら,彼ら は 多く の 異なった…,名詞,,en,かれら (1) they (usually male); (2) those;,,,,,,
来ます,…いろいろ な 国 から 来ます。,,,en,come,,,,,,
できる,…来年 移る こと が できる から です。,動詞,,en,can (to be able to),,,,,,
移る,…で 彼 は 来年 移る こと が できる から…,動詞,,en,"うつる - move, transfer, immigrate",,,,,,
な,お客様 は いろいろ な 国 から 来ます。,名詞,,en,(sentence end) indicates emotion or emphasis,,,,,,
いろいろ,お客様 は いろいろ な 国 から 来ます。,副詞,,en,"(Kanji=色色) variety, assortment, collection",,,,,,
作ります,…お客様 に 食事 を 作ります。,,,en,"make, create,  prepare",,,,,,
食事,…の すいた お客様 に 食事 を 作ります。,名詞,,en,n.  (Hira=しょくじ) meal; food,,,,,,
お客様,…は おなか の すいた お客様 に 食事 を 作ります。,,,en,お客さま; お客様; 御客様 【おきゃくさま】 (n) (hon) guest; visitor; customer; ED,,,,,,
おなか,彼 は おなか の すいた お客様 に…,名詞,,en,(Kanji=お腹) stomach,,,,,,
レストラン,マイク は レストラン で 料理 を して…,名詞,,en,restaurant,,,,,,
始まります,…時 三十 分 から 始まります。,,,en,[Haji mari masu] Begins,,,,,,
分,…は 七 時 三十 分 から 始まります。,名詞,,en,n. [ふん - fun] Minute,,,,,,
運転します,…ため に 車 を 運転します。,,,en,driving,,,,,,
車,…仕事 の ため に 車 を 運転します。,名詞,,en,くるま  car,,,,,,
飲みます,…を 作り コーヒー を 飲みます。,,,en,drink,,,,,,
作り,彼 は 朝食 を 作り コーヒー を 飲みます。,動詞,作る,en,"v. (Alt=造る, Hira=つくる) make, create, manufacture, fabricate; prepare;",,,,,,
朝食,彼 は 朝食 を 作り コーヒー を…,名詞,,en,"n. (Hira=ちょうしょく) breakfast, first meal of the day, morning meal",,,,,,
六,A) マイク は 毎朝 六 時 に 起きます。,名詞,,en,"(むっ,  ろく） six",,,,,,
毎朝,A) マイク は 毎朝 六 時 に 起きます。,名詞,,en,every morning,,,,,,
似て,そう いえば 、 あなた に 似て いる 人 が います 。,,,en,Similar,,,,,,
そう,そう いえば 、 あなた に 似て いる 人 が います 。,,,en,"so; really; appearing that; seeming that; looking like, in such manner",,,,,,
兄,兄 を 探して います。,名詞,,en,あに older brother,,,,,,
人 を 探して いる のです が,人 を 探して いる のです が。,,,en,I'm looking for a someone,,,,,,
探して,人 を 探して いる のです が。,動詞,探す,en,"find """,,,,,,
二,お 二 人 に お 会い…,名詞,,en,"futari , Two",,,,,,
できて,お 会い できて 嬉しい です。,動詞,できる,en,"(Kanji=出来る) can, be able to, be capable of -, positive auxiliary word used to express possibility in the present tense",,,,,,
嬉しい,お 会い できて 嬉しい です。,形容詞,,en,happy,,,,,,
私,私 の 名前 は まりこ…,名詞,,en,I; me,,,,,,
ご用,何 か ご用 です か？,名詞,,en,"(Hira=ごよう) your order; commerce, your business; official business",,,,,,
来てください,…行って から、 会社 に 来てください。,,,en,Please come きて ください,,,,,,
開きます,銀行 で 口座 を 開きます,,,en,"v.  (Hira=あく,ひらく) open, move to an open position; be moved to an open position; be open",,,,,,
口座,銀行 で 口座 を 開きます,名詞,,en,"n. (こうざ) account, bank account",,,,,,
午前中,午前中 は 市役所 と 銀行…,,,en,【ごぜんちゅう】 (n) this morning; in the morning; throughout the morning,,,,,,
から,…と 銀行 に 行って から、 会社 に 来てください。,助詞,,en,from; because; since,,,,,,
行って,…市役所 と 銀行 に 行って から、 会社 に 来てください。,動詞,行う,en,"行く v. (Hira=いく,ゆく) go, proceed, move;",,,,,,
銀行,…の 朝、 市役所 と 銀行 に 行って から、 会社…,名詞,,pt,ぎんこう=  bank,,,,,,
市役所,クオン： 明日 の 朝、 市役所 と 銀行 に 行って…,,,en,しやくしょ - municipal office; council; city hall,,,,,,
朝,クオン： 明日 の 朝、 市役所 と 銀行 に…,名詞,,en,"n. (Hira=あさ) morning, sunrise, beginning of the day; brightening, act or instanc",,,,,,
明日,クオン： 明日 の 朝、 市役所 と…,名詞,,en,tomorrow,,,,,,
ください,クオン さん も 手伝って ください。,動詞,くださる,en,"adv. (Kanji=下さい) would you please, please, if you would be so kind",,,,,,
手伝って,クオン さん も 手伝って ください。,動詞,手伝う,en,"v.  (Hira=てつだう) help, assist, aid",,,,,,
終わりません,まだ 仕事 が 終わりません。,,,en,It does not end,,,,,,
まだ,まだ 仕事 が 終わりません。,副詞,,,,,,,,,
帰りません,クオン: 山田 さん、 一緒に 帰りません か？,,,en,[polite-negative] to return; to come home; to go home; to go back,,,,,,
一緒に,クオン: 山田 さん、 一緒に 帰りません か？,形容詞,一緒だ,en,together (いっしょに),,,,,,
起きます,…毎朝 六 時 に 起きます。,,,en,Get up,,,,,,
